query,predicted_labels
"Dạo này tôi hay bị vã mồ hôi, chóng mặt, buồn nôn, mất ngủ và kinh nguyệt không đều. Tôi còn bị tiểu nhiều lần, giảm ham muốn và đau xót khi quan hệ.","amh thấp, babesia (nhiễm trùng do babesia), mất kinh, chấn thương sọ não, đau đầu vận mạch"
"Bác sĩ ơi, tôi bị sốt, chán ăn, sụt cân và vàng da. Gần đây tôi thấy căng tức nặng ở vùng hạ sườn phải, ấn vào rất đau nhói.","áp xe gan, suy thận, hội chứng dressler, nang tuyến bartholin (viêm tuyến bartholin), lao hệ thần kinh"
"Vùng hậu môn của tôi bị sưng đỏ, mềm và đau nhói dữ dội, thi thoảng có dính máu. Tôi còn thấy đau bụng, người mệt mỏi, ớn lạnh và sốt hầm hập.","áp xe hậu môn, nhiễm trùng hậu sản, hội chứng sốc nhiễm độc, nhiễm nấm candida (nhiễm trùng nấm men), viêm khớp nhiễm khuẩn"
"Má tôi tự nhiên bị sưng to, cảm giác căng tức và đau nhức dữ dội. Nhiều lúc tôi còn bị sốt và thấy hơi chèn ép khó thở.","áp xe má, vỡ túi ngực, suy thận, nấm da (hắc lào), chèn ép khoang dưới mỏm cùng vai"
"Tôi bị nhức đầu kinh khủng, cổ cứng đơ, sốt và rất mệt mỏi. Mắt tôi nhìn mờ, nhìn một thành hai, tay chân thì yếu đi và có lúc bị nói lắp bắp.","áp xe não, u mềm treo, hội chứng urê huyết tán huyết, chắp mắt, thủy đậu"
"Tôi bị sốt rất cao, ho khạc ra mủ nhiều lần và đau tức vùng ngực. Dạo này tôi cũng đi tiểu ít hơn bình thường và nước tiểu có màu sẫm.","lao màng phổi, viêm họng hạt, nhiễm lậu cầu, nấm da (hắc lào), suy tim trái"
"Vành tai tôi nổi một cục nang to phình ra bất thường, sưng tấy và đau nhức. Chỗ đó ngứa ngáy và thỉnh thoảng tôi còn thấy ù tai rất khó chịu.","áp xe rò luân nhĩ, nấm da (hắc lào), viêm đầu ti, vỡ túi ngực, viêm bao quy đầu"
"Bầu ngực tôi bị sưng tấy, đỏ ửng, sờ vào thấy nóng và rất đau. Núm vú còn rỉ dịch mủ, kèm theo người hay bị ớn lạnh, sốt và mệt mỏi.","nhiễm trùng hậu sản, hội chứng sốc nhiễm độc, nang tuyến bartholin (viêm tuyến bartholin), hội chứng sudeck (loạn dưỡng giao cảm phản xạ), viêm bờ mi mắt"
"Dạo này tôi rất hay quên, không nhớ mình đã đặt đồ vật ở đâu hay ra đường định làm gì. Đầu óc hay bối rối, tính tình dễ nổi nóng, hay nghi ngờ và đôi khi không nhớ cả ngày tháng hay cách tính toán.","alzheimer, lang ben, viêm đầu ti, viêm xoang, mất ngủ mãn tính"
"Người tôi lúc nào cũng yếu ớt mệt mỏi, da bị viêm ngứa, các khớp thì sưng đau. Tôi cũng rất hay bị ốm và nhiễm trùng tái đi tái lại.","loét hành tá tràng, nhiễm nấm candida (nhiễm trùng nấm men), nấm da (hắc lào), bỏng, nang nước thừng tinh ở trẻ em"
"Tôi hay bị sốt cao, ho, khó thở và chóng mặt. Trên da xuất hiện các vết bầm xuất huyết, hay bị chảy máu cam, máu chân răng và nổi hạch to ở cổ.","bạch cầu cấp, u mềm treo, ung thư lá lách, u lympho tế bào t, sốt rét"
"Tôi hay bị sốt, ớn lạnh, đổ mồ hôi và tim đập nhanh hồi hộp. Tôi thường xuyên thấy mệt mỏi, đau khớp, hay bị loét miệng tái phát và đi tiểu rát.","bạch cầu giảm, thiếu máu, trụy tim, nhiễm nấm candida (nhiễm trùng nấm men), brucella"
"Gần đây tôi bị sụt cân mất kiểm soát, hay bị khó thở, thở khò khè. Mắt tôi nhìn mờ đi và da rất dễ bị phát ban, bầm tím tay chân.","hội chứng urê huyết tán huyết, ung thư hạch bạch huyết, u mềm treo, dị ứng sữa, dị ứng thực phẩm"
"Tôi bị sốt, sổ mũi ra mủ nhầy, cổ họng sưng đau nghẹn. Người mệt mỏi lả đi, ho khàn tiếng và vùng dưới hàm, hạch cổ sưng nề làm tôi rất khó thở.","bạch hầu, viêm thanh quản cấp tính, viêm phổi, ung thư thanh quản, bạch hầu thanh quản"
"Bàn chân con tôi bị cong gập vào trong, nếp nhăn lòng bàn chân sâu, vòm chân nhô cao bất thường và bắp chân có vẻ ngắn, teo lại. Khớp mắt cá chân của cháu cũng khá cứng.","hội chứng urê huyết tán huyết, hội chứng goodpasture, hội chứng sudeck (loạn dưỡng giao cảm phản xạ), block nhánh trái, chắp mắt"
"Bàn chân và các ngón chân của tôi dạo này hay bị tê liệt, mất cảm giác, bước đi cứ bị rũ thõng xuống rất khó khăn.","bệnh động mạch cảnh, viêm dây thần kinh, hội chứng volkmann, u tủy sống, hội chứng goodpasture"
"Bàn chân tôi bị vẹo biến dạng, gập lòng khó cử động, cơ bắp cẳng chân có dấu hiệu bị teo yếu và khớp gối khá cứng đơ.","hội chứng goodpasture, chắp mắt, ho gà, thiếu máu, ung thư biểu mô tiểu thùy tại chỗ"
"Tôi hay bị mắc tiểu đột ngột, cứ có cảm giác là phải chạy đi vệ sinh ngay lập tức nếu không sợ rò rỉ nước tiểu ra quần, một ngày đi rất nhiều lần.","lang ben, nhiễm trùng tai, thận bột, chốc mép, hẹp hậu môn ở trẻ em"
"Sau khi sinh tôi bị chảy máu liên tục rất nhiều, người lạnh toát, vã mồ hôi, da xanh xao. Mạch đập nhanh, bụng vùng tử cung to ra và sờ thấy mềm nhão.","băng huyết sau sinh, u mỡ, hội chứng sudeck (loạn dưỡng giao cảm phản xạ), trụy tim, hội chứng eisenmenger"
"Dạo này tôi hay mệt mỏi, chán ăn, da nhợt nhạt và hay đổ mồ hôi đêm. Tôi dễ bị chảy máu chân răng, bầm tím trên da và sờ thấy hạch sưng ở vùng cổ.","bệnh bạch cầu, hội chứng urê huyết tán huyết, u mềm treo, tiền mãn kinh, ung thư lá lách"
"Tôi hay bị hụt hơi, khó thở khi vận động gắng sức và cảm thấy mệt mỏi, hồi hộp. Hai chân tôi bị phù lên và thỉnh thoảng có những cơn đau tức ngực, đau hông phải hoặc ngất xỉu.","bệnh cơ tim giãn, block nhánh trái, block nhánh phải, block nhĩ thất, bệnh cơ tim"
"Tôi hay bị khó thở, hụt hơi, nhịp tim đập nhanh không đều và hồi hộp đánh trống ngực. Bụng và hai chân tôi sưng phù to lên, thỉnh thoảng tôi còn bị đau tức ngực, chóng mặt.","block nhánh phải, bệnh cơ tim giãn, u mềm treo, trụy tim, nhịp nhanh thất"
"Dạo này tôi luôn thấy mệt mỏi, khó thở và đau ngực mỗi khi hoạt động. Bụng tôi sưng to, hay đi tiểu đêm và có lúc bị ngất xỉu.","huyết khối tĩnh mạch sâu, block nhánh tim, viêm phổi, block nhánh trái, hẹp van động mạch chủ"
"Tôi hay bị khó thở, chóng mặt và tim đập rối loạn bất thường. Hai chân tôi cũng bị phù nề lên và thỉnh thoảng có cơn ngất xỉu, choáng váng.","rò mao mạch, xuất huyết dạ dày, trụy tim, block nhánh tim, phình tách động mạch chủ"
"Đột nhiên tôi bị đau đầu, chóng mặt, mắt nhìn mờ rồi mất thị lực tạm thời. Một bên mặt bị tê dại, mất cảm giác và chân tay bỗng dưng yếu liệt khó cử động.","bệnh động mạch cảnh, u mềm treo, phình động mạch ở cổ, thiếu máu, hội chứng urê huyết tán huyết"
"Mỗi khi đi bộ nhanh hay căng thẳng, tôi lại bị đau thắt ngực trái như bị bóp nghẹt, đè nặng. Cơn đau làm tôi thở hụt hơi, chóng mặt, hồi hộp và cảm giác như muốn ngất.","bệnh mạch vành, trụy tim, u mềm treo, hẹp mạch vành, bệnh cơ tim giãn"
"Tự nhiên tôi bị đau ngực đột ngột và dữ dội, cơn đau lan ra vùng lưng và bụng. Tôi cảm thấy khó thở, chóng mặt lâng lâng và nuốt thức ăn hơi nghẹn.","cúm a h5, phình động mạch chủ ngực, u mềm treo, lao màng phổi, nhịp nhanh nhĩ"
"Cơ thể tôi đổ mồ hôi quá nhiều, tay và nách lúc nào cũng đầm đìa nước dù không làm việc nặng hay trời nóng, gây rất nhiều bất tiện trong sinh hoạt.","bệnh mạch vành, lang ben, nấm da (hắc lào), cúm a h1n1, viêm phổi"
"Cháu nhà tôi da dẻ hay nhợt nhạt, hơi vàng vọt và lúc nào cũng lừ đừ mệt mỏi. Cháu chậm lớn, thiếu cân và ăn uống rất kém.","nhiễm trùng huyết, trụy tim, hội chứng fanconi, tim bẩm sinh ebstein, chắp mắt"
"Tôi bị sốt cao, các khớp sưng nóng và đau nhức di chuyển từ khớp này sang khớp khác. Dạo này tôi hay bị khó thở, mệt mỏi, tim đập mạnh hồi hộp và có nổi vài cục sần cứng dưới da.","bệnh thấp tim, hội chứng sốc nhiễm độc, chèn ép khoang dưới mỏm cùng vai, viêm buồng trứng, nhiễm trùng hậu sản"
"Bé nhà tôi bú rất kém, hay vã mồ hôi lạnh, thở khò khè và thở nhanh. Da bé xanh xao, đặc biệt là môi và đầu ngón tay chân hay bị tím tái khi bé quấy khóc, bé cũng rất chậm lớn.","bệnh tim bẩm sinh, tăng thông khí, u mềm treo, hội chứng urê huyết tán huyết, tim bẩm sinh ebstein"
"Bé nhà tôi rất lười bú, kém ăn, tăng cân chậm và hơi nhẹ cân. Lúc bú bé hay đổ mồ hôi, mệt mỏi và thi thoảng có vẻ khó thở.","viêm phổi, bệnh tim bẩm sinh tím, basedow, cúm a h1n1, bướu cổ"
"Môi và đầu ngón tay chân của bé nhà tôi hay bị xanh tím ngắt. Bé thở gấp, đau ngực, hay quấy khóc đổ mồ hôi khi bú. Cháu lớn rất chậm và luôn trong trạng thái mệt mỏi lả đi.","u mềm treo, bệnh tim bẩm sinh tím, hội chứng urê huyết tán huyết, viêm phổi, hẹp van động mạch chủ"
Ngực tôi hay bị sưng đau và căng tức theo chu kỳ kinh nguyệt. Thỉnh thoảng tôi sờ thấy có cục cứng lổn nhổn bên trong vú nhưng không bị đau gắt hay tấy đỏ da.,"bỏng, viêm bờ mi mắt, nhiễm nấm candida (nhiễm trùng nấm men), suy thận, nhiễm trùng hậu sản"
"Tôi hay bị sốt nhẹ dai dẳng, mệt mỏi và đau nhức toàn thân. Các khớp tay chân tôi sưng nóng, đau cơ và các khớp có dấu hiệu cong vẹo, phì đại to ra làm cử động khó khăn.","nhiễm trùng hậu sản, hội chứng urê huyết tán huyết, nhiễm khuẩn hậu sản, nấm da (hắc lào), chèn ép khoang dưới mỏm cùng vai"
"Tôi hay bị khó thở, chóng mặt và xây xẩm mặt mày khi làm việc nhà. Ngực tôi thi thoảng tức nặng khó chịu, hai mắt cá chân bị sưng phù và cân nặng tăng lên rất nhanh.","u mềm treo, hội chứng urê huyết tán huyết, nấm da (hắc lào), bỏng, hội chứng tiền kinh nguyệt"
"Thỉnh thoảng tôi bị đau tức nặng ngực, khó thở và rất nhanh mệt khi vận động. Kèm theo đó là triệu chứng hồi hộp, đánh trống ngực liên hồi, vã mồ hôi và hay hoa mắt chóng mặt.","block nhánh trái, block nhánh phải, trụy tim, nhồi máu cơ tim cấp, bướu cổ"
"Tôi hay bị những cơn chóng mặt, choáng váng, nhịp tim đập hụt nhịp hoặc rất chậm. Có lúc tôi mệt lả, khó thở trầm trọng và cảm giác xây xẩm như sắp ngất xỉu đến nơi.","block nhánh tim, phình động mạch vành, xuất huyết dạ dày, trụy tim, block nhánh trái"
"Tôi hay bị đau tức ngực, vã mồ hôi và đánh trống ngực hồi hộp. Tôi mệt, khó thở, hay bị ho dai dẳng không dứt và thỉnh thoảng hai chân bị sưng nề, thi thoảng còn choáng váng suýt ngất.","block nhánh trái, block nhánh phải, trụy tim, bệnh cơ tim giãn, bướu cổ"
"Tôi hay bị khó thở và đau tức ngực mỗi khi làm việc hơi gắng sức. Kèm theo đó là người mệt mỏi rã rời, buồn nôn, hay chóng mặt xây xẩm khi đứng lên và có lúc như sắp ngất xỉu đi.","block nhĩ thất, block nhánh trái, cúm a h5, block nhánh phải, suy thận"
"Tự nhiên tôi bị đau nhói dữ dội ở vùng ngực lan xuyên ra sau lưng, cảm giác đau rát như bị xé toạc ra. Tôi bị chóng mặt ngất xỉu, tụt huyết áp và bỗng dưng nói khó, tê liệt một bên tay chân.","u mềm treo, viêm xung huyết hang vị dạ dày, xuất huyết dạ dày, hội chứng volkmann, viêm đầu ti"
"Hôm qua bị ngã trẹo chân, giờ khớp cổ chân tôi sưng to, bầm tím và đau nhức dữ dội. Cứ đứng tỳ chân xuống đất là đau điếng không chịu nổi, khớp cũng bị cứng đơ lại khó cử động.","nấm da (hắc lào), hội chứng urê huyết tán huyết, vỡ túi ngực, u mềm treo, đứt dây chằng"
"Chu kỳ kinh nguyệt của tôi rất thất thường, kéo dài cả tháng mới có. Dạo này da tôi rất nhờn, nổi mụn trứng cá, rụng tóc hói đầu nhưng lông tay lông mặt lại mọc rậm lên, da hay bị sạm đen ở nếp gấp và cân nặng tăng nhanh, bụng thỉnh thoảng hay đau âm ỉ.","bỏng, mất kinh, buồng trứng đa nang, rậm lông, u mềm treo"
"Tôi sờ thấy có cục u hình tròn, bờ trơn láng, di chuyển được ở dưới da vú. Nó không đau lắm nhưng thỉnh thoảng gần tới ngày hành kinh thì cục u căng lên và hơi đau nhức khi chạm vào.","chèn ép khoang dưới mỏm cùng vai, vỡ túi ngực, nang nước thừng tinh ở trẻ em, áp xe má, xơ vữa động mạch ngoại biên"
"Dạo này tôi hay đi tiểu ra máu nhưng không đau buốt, chỉ thấy đau tức vùng hông lưng âm ỉ. Tôi cũng bị sốt, sụt cân mệt mỏi, huyết áp tăng cao, tĩnh mạch bụng nổi rõ và hai chân bị phù nề sưng to.","bướu thận, nang nước thừng tinh ở trẻ em, viêm cân gan chân, viêm mao mạch dị ứng, đậu mùa khỉ"
"Mấy hôm nay tôi bị hắt hơi, sổ mũi, nghẹt mũi liên tục không dứt. Người tôi mệt mỏi, ê ẩm nhức mỏi khắp cơ bắp, hơi đau đầu, ho húng hắng và có sốt nhẹ hâm hấp.","viêm xoang mũi dị ứng, viêm đường hô hấp trên, viêm mũi, cảm lạnh, viêm tiểu phế quản"
"Dạo này tôi nhìn các vật ở xa như biển số xe rất mờ, luôn phải nheo mắt lại mới thấy mờ mờ. Cố nhìn lâu thì mắt rất mỏi, khô xót phải chớp liên tục và hay bị nhức váng cả đầu.","chắp mắt, chèn ép khoang dưới mỏm cùng vai, lang ben, loạn thị, hội chứng sudeck (loạn dưỡng giao cảm phản xạ)"
"Nước tiểu của tôi dạo này nổi rất nhiều bọt lâu tan, thỉnh thoảng có lẫn chút màu đỏ như máu. Buổi sáng ngủ dậy tôi hay bị sưng phù húp quanh hai mí mắt, hai bàn chân cũng sưng nề và huyết áp thì đo thấy tăng cao.","nấm da (hắc lào), hội chứng goodpasture, hội chứng tiền kinh nguyệt, viêm mũi, hội chứng urê huyết tán huyết"
"Da con tôi nổi các mảng phát ban đỏ ở mặt và các nếp gấp như khuỷu tay, kheo chân. Chỗ da đó rất khô, đóng vảy, tấy lên, thỉnh thoảng rỉ nước vàng và bé hay gãi ngứa liên tục.","nấm da (hắc lào), u mềm treo, lang ben, hội chứng urê huyết tán huyết, sưng bao quy đầu"
"Trên da tôi nổi các nốt sần ửng đỏ hình tròn lốm đốm như đồng xu, sưng tấy và ngứa ngáy điên cuồng nhất là về đêm. Sau đó vùng da đó khô nhăn nheo lại, đóng vảy cứng và bong tróc ra rất khó chịu.","nấm da (hắc lào), chàm đồng tiền, sưng bao quy đầu, lang ben, áp xe rò luân nhĩ"
"Mí mắt của tôi tự nhiên mọc một cục u sưng tấy lên, chớp mắt thấy hơi cộm và dạo này nhìn hơi mờ.","chắp mắt, hói đầu, áp xe rò luân nhĩ, trĩ nội, ung thư biểu mô tiểu thùy tại chỗ"
"Cháu nhà tôi chậm biết lật, biết bò và đi. Cháu cầm nắm đồ vật rất yếu và dường như không hiểu những gì người lớn nói hay biểu đạt cảm xúc.","chậm phát triển, lang ben, chắp mắt, ho gà, thiếu máu"
"Dạo này tôi đi lại rất khó khăn, cứ bước đi là thấy mệt mỏi và đau lưng. Cảm giác hai chân không đều nhau, bước khập khiễng thấp cao.","viêm khớp phản ứng, chèn ép khoang dưới mỏm cùng vai, lang ben, ung thư hắc tố da, chắp mắt"
"Tôi đi bộ hay bị đau ở hai đầu gối và mắt cá chân. Hai đầu gối cứ chụm sát vào nhau mà hai bàn chân lại tách ra, bước đi lỏng lẻo khó khăn.","hội chứng urê huyết tán huyết, hội chứng goodpasture, block nhánh trái, chắp mắt, sa tinh hoàn"
"Sau cú va đập hôm qua, tôi bị nhức đầu kinh khủng, hay buồn nôn và chóng mặt. Tôi luôn cảm thấy buồn ngủ, lúc tỉnh thì lú lẫn và rất sợ ánh sáng, tiếng ồn.","chấn thương sọ não, nhiễm trùng não, viêm gan tự miễn, nhiễm trùng tai, sốc phản vệ"
"Vai tôi rất nhức mỏi, cứ giơ tay lên hay xoay tay ra sau là đau nhói. Đêm ngủ không nằm nghiêng được vì đau đến mất ngủ, giờ khớp vai có vẻ cứng đơ lại.","chèn ép khoang dưới mỏm cùng vai, xơ vữa động mạch ngoại biên, viêm mũi, vỡ túi ngực, đau dây thần kinh chẩm"
"Tôi đi tiểu thấy đau rát buốt, vùng kín tiết dịch hôi, ngứa dữ dội và thỉnh thoảng chảy máu. Lúc quan hệ tình dục cũng rất đau, thi thoảng kèm theo sốt và buồn nôn.","nhiễm nấm candida (nhiễm trùng nấm men), chlamydia, vảy nến, xoắn tinh hoàn, nang tuyến bartholin (viêm tuyến bartholin)"
"Thỉnh thoảng tôi bị chóng mặt quay cuồng, buồn nôn và mất thăng bằng không đứng vững được. Cảm giác người cứ lâng lâng bồng bềnh và mắt hơi mờ đi.","chắp mắt, phình động mạch chủ ngực, chấn thương sọ não, chóng mặt kịch phát lành tính, viêm dây thần kinh tiền đình"
"Bé nhà tôi từ lúc sinh ra môi và móng tay hay bị tím tái, da dẻ xanh xám lạnh toát. Cháu thở rất nhanh, tim đập thình thịch, bú kém và chậm tăng cân.","tứ chứng fallot, teo thực quản, thiếu máu, viêm đầu ti, viêm xương"
Ban ngày tôi hay bị những cơn buồn ngủ ập đến không cưỡng lại được. Có lúc đang cười nói tự nhiên người mềm nhũn ra. Đêm ngủ thì hay bị bóng đè và gặp ảo giác.,"chứng ngủ rũ, amip ăn não, lang ben, u mỡ, viêm mũi"
"Bụng tôi hay bị chướng hơi và đau quặn thắt dữ dội, đặc biệt ở vùng bụng dưới bên trái. Cứ lúc nào đau là phải chạy đi vệ sinh gấp, lúc thì tiêu chảy phân lỏng lúc thì táo bón.","hội chứng bartter, rối loạn tiêu hóa ở trẻ, hội chứng ruột kích thích, co thắt đại tràng, viêm trực tràng"
"Thỉnh thoảng đang ngồi nghỉ tôi lại bị đau thắt ngực trái dữ dội, cảm giác lồng ngực bị bóp chặt lan lên cả hàm. Cơn đau khiến tôi vã mồ hôi, suýt mất ý thức.","bệnh mạch vành, viêm xoang, co thắt mạch vành, tăng thông khí, trụy tim"
"Tôi ăn uống dạo này rất hay bị nghẹn, nuốt thức ăn đặc hay lỏng đều khó. Đêm ngủ thức ăn cứ trào ngược nôn ọe ra ngoài, ngực hay bị đau tức đè ép và sụt cân khá nhiều.","ung thư thực quản, viêm mũi, co thắt tâm vị, suy thận, lao hệ thần kinh"
"Mỗi lần nuốt tôi thấy nghẹn ứ ở cổ họng, cảm giác có gì chặn ngang ngực rất khó chịu. Kèm theo đó là những cơn đau tức ngực, hay bị ợ nóng và ợ trớ thức ăn.","co thắt thực quản, u mềm treo, bệnh mạch vành, block nhánh phải, block nhĩ thất"
"Cháu nhà tôi lười ăn, chậm mọc răng, chậm biết bò đi và đổ mồ hôi trộm ban đêm rất nhiều. Ngực cháu hơi nhô ra, chân vòng kiềng và ngủ hay bị giật mình quấy khóc.","u mềm treo, nấm da (hắc lào), bệnh tim bẩm sinh tím, viêm mũi, viêm xoang"
"Bé nhà tôi bú kém, chậm lớn và mỗi lần khóc hay bú là vã mồ hôi đầm đìa. Cháu thở rất nhanh dai dẳng, nhịp tim đập loạn và lúc nào cũng trông mệt mỏi.","block nhánh trái, hẹp động mạch phổi, ung thư lá lách, hội chứng fanconi, tim bẩm sinh ebstein"
"Đột nhiên tôi bị đau quặn dữ dội từ hông lan ra sau lưng và xuống bụng dưới. Tôi bị buồn nôn, đi tiểu thấy buốt rát, nước tiểu đục lợn cợn và hơi ớn lạnh, sốt.","nấm da (hắc lào), thận móng ngựa, nhiễm nấm candida (nhiễm trùng nấm men), nhiễm khuẩn đường tiết niệu, viêm bể thận"
"Đột nhiên nửa người tôi bị yếu liệt, không nhấc tay chân lên được, nói năng lộn xộn lắp bắp. Mắt tôi mờ tịt một bên, chóng mặt và lảo đảo mất thăng bằng, diễn ra chừng mười phút rồi hết.","u mềm treo, thiếu máu, hội chứng urê huyết tán huyết, chắp mắt, hẹp mạch máu não"
"Bụng tôi hay đau quặn, đầy hơi và đi tiêu chảy liên tục, thỉnh thoảng có lẫn máu. Tôi bị mót rặn đau rát vùng hậu môn, sút cân trầm trọng, người suy nhược và hay sốt.","hội chứng ruột kích thích, trĩ hỗn hợp, lỵ amip cấp, hội chứng bartter, viêm đường tiết niệu"
"Tôi bị sốt rất cao, ớn lạnh, đau nhức đầu và mệt mỏi rã rời khắp cơ thể. Kèm theo đó là hắt hơi, sổ mũi nghẹt mũi, ho khan và thỉnh thoảng thấy khó thở.","viêm họng xung huyết, viêm thanh quản cấp tính, viêm xoang mũi dị ứng, cúm a h5, viêm đường hô hấp trên"
"Tôi sốt rất cao liên tục không hạ, đau đầu và nhức mỏi cơ thể kinh khủng. Tôi bị nghẹt mũi, ho khan, buồn nôn và mấy hôm nay thấy tức ngực, khó thở.","cúm a h1n1, viêm đường hô hấp trên, cúm, viêm họng xung huyết, chèn ép khoang dưới mỏm cùng vai"
"Người tôi đau nhức cơ bắp dữ dội, ớn lạnh vã mồ hôi và sốt hầm hập. Mắt tôi đỏ và hay chảy nước, kèm theo ho, sổ mũi, chán ăn và cảm thấy uể oải lả đi.","nấm da (hắc lào), sưng bao quy đầu, cúm a h1n1, cúm a h5, viêm đường hô hấp dưới"
"Tôi bị sốt cao rét run, đau đầu và nhức mỏi cơ bắp rã rời. Gần đây tim tôi đập rất nhanh, tức ngực, khó thở thở gấp và có lúc mê man mờ mịt.","viêm mũi họng, cúm a h5, chèn ép khoang dưới mỏm cùng vai, viêm đường hô hấp dưới, chắp mắt"
"Tôi bị sốt cao đột ngột trên 38 độ, ho và rát họng, các cơ đau nhức rã rời. Bụng đau nôn ói và hiện tại thở rất gấp, khó thở và đau thắt ngực.","phế cầu khuẩn, bạch cầu cấp, bệnh mạch vành, trụy tim, áp xe má"
"Dạo này tôi lúc nào cũng thấy phừng phừng sợ nóng, đổ mồ hôi đầm đìa, tay chân run rẩy. Tim đập nhanh hồi hộp, tính tình hay cáu gắt, khó ngủ và sút cân rất nhanh dù tôi ăn nhiều.","cường giáp, u mềm treo, hội chứng urê huyết tán huyết, mất ngủ, viêm khớp nhiễm khuẩn"
"Chỗ vết chó cắn hôm nọ giờ cứ ngứa ran châm chích bỏng rát. Dạo này tôi hay bị bồn chồn, sốt đau đầu, rất sợ gió sợ nước, nuốt khó và hay tiết nhiều nước bọt sủi bọt mép.","dại, viêm đầu ti, nhiễm nấm candida (nhiễm trùng nấm men), viêm họng mãn tính, nấm da (hắc lào)"
"Tôi bị đau quặn vùng bụng hạ sườn phải, đầy hơi chướng bụng và hay buồn nôn, kèm theo sốt. Người nhà bảo da và tròng trắng mắt của tôi có vẻ vàng ệch ra.","hội chứng ruột kích thích, sỏi tụy, lỵ amip cấp, túi thừa đại tràng, viêm loét dạ dày tá tràng"
"Bé gái nhà tôi mới chưa đầy 8 tuổi mà ngực đã bắt đầu phát triển to ra, mọc lông nách lông mu. Cơ thể bé lớn phổng phao rất nhanh, mọc mụn trứng cá và có mùi cơ thể.","gai đen, u mềm treo, u mỡ, viêm đầu ti, viêm tai"
"Trên cẳng chân tôi tự nhiên nổi một cục u sưng nhỏ màu nâu xám, bóp vào 2 bên thấy vùng da lõm xuống. Nó thỉnh thoảng hơi ngứa và sờ chạm mạnh vào thì thấy đau nhẹ.","nấm da (hắc lào), chốc mép, hội chứng urê huyết tán huyết, dermatofibroma, phù kết mạc"
"Thỉnh thoảng tôi bị những cơn nhức đầu, tay chân yếu đi lóng ngóng khó cử động. Có lúc bị co giật, nói năng khó khăn mất ngôn ngữ và hay bị ngứa ran tê liệt bất thường.","thiếu máu, hội chứng urê huyết tán huyết, nhiễm trùng não, viêm xương tai chũm, u mềm treo"
"Hai mắt tôi tự nhiên đỏ hoe, mí mắt sưng húp lên và rất ngứa ngáy nóng rát. Lúc nào cũng có cảm giác cộm xót như có cát, chảy nước mắt liên tục và cực kỳ chói khi ra nắng.","viêm bờ mi mắt, nấm da (hắc lào), phù kết mạc, dị ứng mắt, ho gà"
"Vừa ăn xong là môi, lưỡi và họng tôi sưng vù lên, khoang miệng ngứa ran. Khắp người nổi mề đay đỏ ngứa điên cuồng, bụng đau quặn nôn mửa, kèm theo chóng mặt khó thở muốn ngất xỉu.","bỏng, gãy xương, hội chứng sốc nhiễm độc, dị ứng thực phẩm, rò mao mạch"
"Bao quy đầu của cháu nhà tôi không thể tuột xuống được, dính chặt vào. Ở kẽ bên trong có đọng những cặn dịch màu trắng đục, thỉnh thoảng sờ vào cháu hơi giật mình.","lang ben, giãn ống dẫn sữa, viêm xương tai chũm, chắp mắt, ung thư biểu mô tiểu thùy tại chỗ"
"Hai ngón tay của bé nhà tôi bị dính liền vào nhau bởi một lớp da và mô mềm, không có khoảng trống ở giữa. Tôi sờ nắn thì thấy có vẻ các xương bên trong cũng dính chặt lại với nhau.","lang ben, u mỡ, chắp mắt, u mềm treo, hội chứng urê huyết tán huyết"
"Nước tiểu của tôi dạo này nổi rất nhiều bọt sủi bọt lâu tan, lại hay phải đi tiểu. Sáng dậy mặt và chân hay bị sưng phù nề, người mệt mỏi chán ăn và hay bị chuột rút về đêm.","nấm da (hắc lào), bỏng, hội chứng urê huyết tán huyết, hội chứng tiền kinh nguyệt, viêm cầu thận"
"Cứ lúc bụng đói hoặc sau khi ăn no là tôi bị đau âm ỉ, rát vùng trên rốn. Bụng lúc nào cũng đầy hơi, tức nặng ấm ách, hay ợ hơi ợ chua và thỉnh thoảng hơi thở có mùi hôi đắng.","đau dạ dày, gai đen, viêm xương tai chũm, viêm họng, viêm xung huyết hang vị dạ dày"
"Gáy và nửa đầu sau của tôi hay bị đau nhói buốt như điện giật, rát bỏng. Vùng da đầu rất nhạy cảm, chải tóc hoặc chạm nhẹ vào cũng đau rát, đau lan ra cả hốc mắt làm tôi mất ngủ.","đau dây thần kinh chẩm, viêm mũi, chèn ép khoang dưới mỏm cùng vai, viêm đầu ti, nhiễm trùng hậu sản"
"Nửa mặt tôi thỉnh thoảng lại bị những cơn đau co thắt mạnh giật liên hồi như điện giật. Cứ há miệng nhai cơm, nói chuyện, cạo râu hay có gió lạnh tạt vào mặt là nó lại kích hoạt cơn đau buốt.","viêm cân gan chân, bỏng, viêm xoang mũi dị ứng, bệnh mạch vành, đau dây thần kinh sinh ba"
"Bụng tôi hay đau quặn thắt từng cơn ở nhiều vùng, kèm theo đầy hơi chướng bụng, đi vệ sinh lúc thì lỏng tiêu chảy lúc thì táo bón. Cứ đi đại tiện xong thì bụng lại nhẹ nhõm và đỡ đau hẳn.","hội chứng ruột kích thích, nhiễm ký sinh trùng, suy tuỵ, co thắt đại tràng, hội chứng bartter"
"Tôi hay bị đau nửa đầu dữ dội giật theo nhịp mạch, rất nhạy cảm với ánh sáng chói và tiếng ồn. Mỗi đợt đau là hoa mắt chóng mặt, nôn mửa, tê bì ngứa ran tay chân và vai cổ rất căng cứng nhức mỏi.","u mềm treo, đau đầu migraine, thiếu máu, viêm đầu ti, chèn ép khoang dưới mỏm cùng vai"
"Tôi hay bị đau nhói buốt một bên thái dương và hố mắt, đau rát dữ dội. Khi đau kèm theo đỏ bừng mặt, đổ mồ hôi trán, chảy nước mắt, nghẹt mũi và đôi khi sụp cả mí mắt bên đau.","đau đầu vận mạch, viêm xoang mũi dị ứng, bỏng, nhiễm nấm candida (nhiễm trùng nấm men), nấm da (hắc lào)"
"Đi vệ sinh xong tôi bị đau rát dữ dội vùng hậu môn như dao đâm cắt, cảm giác đau kéo dài rất lâu. Chỗ đó hơi sưng tấy, ngứa ngáy và thỉnh thoảng tôi thấy có dính máu tươi trên giấy vệ sinh.","viêm đầu ti, viêm môi, nhiễm nấm candida (nhiễm trùng nấm men), áp xe rò luân nhĩ, trĩ nội"
"Sáng ngủ dậy hai mắt tôi dính chặt đầy ghèn mủ vàng xanh, tròng mắt đỏ ngầu. Lúc nào cũng có cảm giác cộm ngứa, xót rát như có cát bên trong, chảy nước mắt liên tục và rất chói khi nhìn ánh sáng.","viêm bờ mi mắt, nấm da (hắc lào), nhiễm nấm candida (nhiễm trùng nấm men), dị ứng mắt, ho gà"
"Ban đầu tôi đau âm ỉ vùng quanh rốn, giờ cơn đau quặn thắt chuyển hẳn sang góc dưới bụng bên phải. Đau điếng người mỗi khi tôi ho hay cử động, kèm theo buồn nôn, bụng sưng chướng và hâm hấp sốt.","sỏi tụy, viêm mào tinh hoàn, hội chứng ruột kích thích, lỵ amip cấp, viêm phúc mạc ruột thừa"
"Tôi hay bị đau rát, châm chích vùng chóp bụng trên rốn, lúc thì đau âm ỉ lúc thì nhói lên dữ dội. Bụng lúc nào cũng đầy chướng khó tiêu, hay nôn ọe trớ ra thức ăn và nuốt hơi nghẹn.","đau thượng vị, viêm xung huyết hang vị dạ dày, loét dạ dày tá tràng, nhiễm nấm candida (nhiễm trùng nấm men), sỏi tụy"
"Một bên tinh hoàn của tôi tự nhiên sưng to, tấy đỏ bóng và đau nhức nhối, đau lan lên cả hông lưng và bụng dưới. Tôi còn bị buồn nôn, sốt và đi tiểu thấy rát, lắt nhắt liên tục.","nhiễm nấm candida (nhiễm trùng nấm men), vỡ túi ngực, viêm đầu ti, thoát vị bẹn người lớn, nhiễm trùng hậu sản"
"Tôi bị sốt rất cao đột ngột, nhức đầu đau lưng dữ dội mệt mỏi. Sau đó trên mặt, tay chân nổi đầy các nốt ban đỏ, rồi tiến triển thành các mụn nước, mụn bọng mủ tròn căng và lở loét rất đau rát.","nhiễm nấm candida (nhiễm trùng nấm men), u mềm treo, nấm da (hắc lào), chèn ép khoang dưới mỏm cùng vai, hội chứng urê huyết tán huyết"
"Người tôi mệt mỏi uể oải, ớn lạnh sốt cao và nổi hạch sưng to. Trên mặt, lòng bàn tay bàn chân bắt đầu mọc các nốt sần, sau đó tiến triển thành mụn nước, hóa mủ rồi đóng vảy cứng xẹp xuống.","đậu mùa khỉ, nấm da (hắc lào), u mềm treo, hội chứng urê huyết tán huyết, hội chứng goodpasture"
"Ông nhà tôi đột nhiên bị méo xệch một bên miệng, nói đớ nhíu lưỡi không rõ chữ. Một bên tay chân tê yếu hẳn đi lỏng lẻo rơi đồ, hoa mắt chóng mặt và đi lại mất thăng bằng lảo đảo lảo đảo.","thiếu máu, u mềm treo, hội chứng urê huyết tán huyết, phình động mạch ở cổ, đột quỵ"
"Mắt tôi dạo này nhìn cái gì cũng rất mờ, cảm giác như có màn sương mờ che phủ trước mặt, ra ngoài nắng thì cực kỳ chói lóa. Nhận biết màu sắc kém đi nhạt nhòa và thỉnh thoảng nhìn một vật lại hóa thành hai.","chắp mắt, viêm xoang mũi dị ứng, viêm xương tai chũm, ung thư biểu mô tiểu thùy tại chỗ, áp xe não"
"Hôm qua tôi bị té ngã, lúc đó nghe tiếng rắc nhỏ ở khớp. Giờ chỗ đó sưng vù, bầm tím và đau nhức vô cùng. Khớp lỏng lẻo hẳn đi và tôi không thể cử động chân được nữa.","đứt dây chằng, nấm da (hắc lào), hội chứng urê huyết tán huyết, vỡ túi ngực, bong gân"
"Dạo này tôi hay bị tê yếu, châm chích ở tay chân. Đầu gối rất đau mỗi khi co duỗi, còn vùng vai thì nhức mỏi, đi khám bác sĩ bảo tôi bị chèn ép do có mẩu xương dư ra.","xơ vữa động mạch ngoại biên, chèn ép khoang dưới mỏm cùng vai, tê bì chân tay, u mềm treo, hội chứng urê huyết tán huyết"
"Gần đây tôi luôn thấy mệt mỏi, chán ăn và hay buồn nôn. Da và tròng trắng mắt có vẻ vàng đi, trên người nổi mẩn ngứa gãi không đỡ, đi tiểu thì nước tiểu rất sẫm màu.","thủy đậu, gan nhiễm mỡ, tiêu chảy nhiễm trùng, suy thận, nóng gan"
"Chân tôi bị kẹt sau tai nạn, nghe tiếng rắc một cái. Chỗ gãy đau nhói, sưng đỏ và bầm tím, nhìn chân có vẻ cong vẹo bất thường và tôi không thể nhúc nhích được nữa.","hội chứng urê huyết tán huyết, hội chứng sốc nhiễm độc, viêm khớp nhiễm khuẩn, gãy xương, nhiễm trùng hậu sản"
"Khớp cổ chân tôi sưng to và đau nhức sau một cú trượt chân. Chỗ sưng hơi bầm tím lốm đốm, khớp lỏng lẻo khiến tôi không thể đứng vững hay cử động bình thường.","đứt dây chằng, nấm da (hắc lào), hội chứng urê huyết tán huyết, vỡ túi ngực, u mềm treo"
"Tự nhiên tôi bị đau đầu dữ dội không chịu nổi, nôn ói liên tục và rất chói mắt khi nhìn ánh sáng. Có lúc tôi bị hoa mắt, yếu liệt hẳn một bên tay chân và ý thức lơ mơ.","giãn mạch máu não, phế cầu khuẩn, hội chứng urê huyết tán huyết, viêm xoang, u mềm treo"
"Tôi bị ho khạc đờm đặc màu xanh vàng suốt nhiều năm nay, thỉnh thoảng có ho lẫn cả máu. Ngực hay bị đau tức và dạo này tôi bắt đầu thấy khó thở, có tiếng thở rít.","viêm đường hô hấp dưới, lao phổi, tràn mủ màng phổi, bệnh lao phổi, viêm phế quản"
"Vùng kín của tôi xuất hiện một vết loét nhỏ hình tròn nhưng không hề đau. Dạo này tôi hay bị đau nhức khớp, rụng tóc, nổi ban đỏ không ngứa ở lòng bàn tay bàn chân và sưng hạch bạch huyết.","giang mai, nấm da (hắc lào), hội chứng urê huyết tán huyết, xơ vữa động mạch ngoại biên, hội chứng goodpasture"
"Bụng tôi hay đau quặn lên sau khi ăn, lúc nào cũng thấy no đầy dù ăn rất ít. Dạo này tôi hay mệt mỏi, buồn nôn và thỉnh thoảng đi ngoài thấy phân sẫm màu như bã cà phê.","gist dạ dày, gai đen, gan nhiễm mỡ, lỵ amip cấp, viêm phổi"
"Nửa đêm ngón chân cái của tôi đột nhiên sưng vù, nóng ran, tấy đỏ và đau nhức dữ dội như dao đâm. Qua cơn đau cấp thì nó vẫn cứ đau âm ỉ râm ran suốt nhiều ngày sau đó.","nhiễm trùng hậu sản, hội chứng sốc nhiễm độc, nấm da (hắc lào), viêm bờ mi mắt, viêm khớp nhiễm khuẩn"
"Đầu ngón tay ngón chân và quanh miệng tôi hay bị tê rần châm chích. Thỉnh thoảng các cơ tay chân bị co rút lại rất đau đớn, người lúc nào cũng lo âu hồi hộp, tim đập lộn xộn.","u mềm treo, hội chứng urê huyết tán huyết, nang tuyến bartholin (viêm tuyến bartholin), hẹp van hai lá, hở van 2 lá"
"Tự nhiên người tôi bủn rủn, vã mồ hôi lạnh toát và tim đập thình thịch. Mắt hoa lên nhìn mờ, tay chân run rẩy, bụng đói cồn cào và đầu óc lơ mơ khó tập trung.","trụy tim, phế cầu khuẩn, u mềm treo, hội chứng urê huyết tán huyết, chắp mắt"
"Vùng hậu môn của tôi bị sưng tấy, ngứa ngáy và cảm giác nóng rát. Mỗi lần đi vệ sinh là đau buốt dữ dội, thỉnh thoảng có rỉ dịch mủ hoặc máu đọng lại trên giấy vệ sinh.","viêm đầu ti, viêm môi, nấm da (hắc lào), viêm bờ mi mắt, huyết khối tĩnh mạch sâu"
"Tôi hay bị ho dai dẳng về đêm, mỗi lần ho lại kèm theo những cơn khó thở, tức ngực. Ngực tôi cứ phát ra tiếng thở khò khè, cò cử, đặc biệt là khi thời tiết trở lạnh.","hen suyển, viêm phế quản, ung thư phế quản phổi nguyên phát, suy tim tâm thu, hen phế quản"
"Nửa đêm tôi thường bị đánh thức bởi những cơn ho khan và khó thở dữ dội. Lồng ngực nặng trĩu bóp nghẹt, tôi phải ngồi dậy há miệng thở dốc, kèm theo tiếng thở khò khè rít lên từng hồi.","hen suyển, hở van 2 lá, bệnh mạch vành, hen suyễn, bệnh lao phổi"
"Thỉnh thoảng tôi bị chóng mặt, choáng váng muốn ngã. Có lúc bỗng dưng nói lắp bắp khó nghe, mắt nhìn mờ đi, tay chân lóng ngóng yếu hẳn đi một bên trong vài phút rồi hết.","u mềm treo, hội chứng urê huyết tán huyết, chắp mắt, áp xe não, ho gà"
"Mỗi khi làm việc mệt hoặc căng thẳng, tôi hay bị những cơn đau thắt ngực trái, cảm giác lồng ngực bị đè nặng. Cơn đau thỉnh thoảng lan ra bả vai và cánh tay, kèm theo khó thở và vã mồ hôi.","bệnh mạch vành, u mềm treo, block nhánh trái, nhồi máu cơ tim cấp, trụy tim"
"Dạo này tôi đi tiểu rất khó khăn, tia nước yếu ớt và phải rặn mạnh mới ra được. Nước tiểu hay bị chẻ thành 2 tia, đi lắt nhắt nhiều lần cả ngày lẫn đêm, thỉnh thoảng lại thấy rát buốt.","ho gà, rối loạn tiểu tiện, thận bột, hẹp hậu môn ở trẻ em, hội chứng kháng thể kháng phospholipid"
"Cổ họng tôi luôn có cảm giác vướng víu, nuốt thức ăn rất khó khăn và hay bị nghẹn. Ban đầu chỉ khó nuốt đồ đặc, giờ uống nước cũng thấy nghẹn, tôi bị nôn trớ và sụt cân khá nhiều.","ung thư thực quản, viêm tuyến giáp, ung thư phổi, viêm xoang, nấm da (hắc lào)"
"Tôi luôn thấy mệt mỏi, đi lại một lúc là thở hụt hơi và lồng ngực đau nhói. Tim đập nhanh loạn nhịp, da dẻ tôi dạo này xanh xao đi nhiều, có lúc hoa mắt suýt ngất xỉu.","chèn ép khoang dưới mỏm cùng vai, nhịp nhanh nhĩ, nhịp nhanh thất, nhịp tim nhanh, bệnh mạch vành"
"Mỗi lần đi bộ nhanh hoặc làm việc nặng là tôi bị đau tức ngực, khó thở và mệt lả đi. Tim hay đập hồi hộp, đánh trống ngực liên hồi, có lúc xây xẩm mặt mày muốn xỉu.","block nhánh phải, block nhánh trái, bệnh cơ tim giãn, bướu cổ, u mềm treo"
"Tôi bị những cơn khó thở kịch phát về đêm phải ngồi dậy mới thở được. Hai mắt cá chân sưng phù, đi lại hay làm việc nhà thì mệt mỏi đuối sức, đánh trống ngực và ho nhiều.","hội chứng urê huyết tán huyết, block nhánh trái, hội chứng tiền kinh nguyệt, u mềm treo, basedow"
"Ngực tôi thường hay tức nặng, khó thở và thở hụt hơi mỗi khi gắng sức. Nhịp tim đập loạn xạ, thỉnh thoảng choáng váng, hai bàn chân thì bị phù to nề lên vào buổi chiều.","hội chứng goodpasture, bệnh mạch vành, u mềm treo, phình tách động mạch chủ, tim to"
"Vợ chồng tôi thả mấy năm rồi mà chưa có tin vui. Dạo này kinh nguyệt của tôi rất thất thường lúc có lúc không, hay bị đau rát khi quan hệ, nổi nhiều mụn trứng cá và lông tay chân mọc rậm hơn.","u mềm treo, hội chứng urê huyết tán huyết, nhiễm nấm candida (nhiễm trùng nấm men), lang ben, ung thư buồng trứng"
"Cháu nhà tôi ho rũ rượi từng tràng dài không dứt, mặt đỏ gay tía tai, ho xong khục khặc thở rít lên như tiếng gà gáy. Bé khạc ra nhiều đờm dãi đặc dính và hay nôn trớ sau khi ho.","bỏng, tràn mủ màng phổi, viêm xoang mũi dị ứng, bệnh lao phổi, hen suyễn"
"Tóc tôi dạo này rụng rất nhiều, vuốt nhẹ cũng rụng cả nắm. Phần tóc trên đỉnh đầu và hai bên trán ngày càng thưa mỏng dần, để lộ cả những mảng da đầu trắng hếu.","chắp mắt, hội chứng rett, thiểu sản men răng, ung thư biểu mô tiểu thùy tại chỗ"
"Tôi thỉnh thoảng bị những cơn đánh trống ngực, tim đập hồi hộp và rối loạn nhịp. Có vài lần đang sinh hoạt bình thường tôi bị choáng váng và ngất xỉu một lúc mới tỉnh lại.","trụy tim, hội chứng brugada, bệnh cơ tim giãn, bướu cổ, hẹp van động mạch chủ"
"Tôi bị đau thắt lưng cực kỳ dữ dội, lan xuống tận mặt sau đùi và hông. Hai chân tôi bắt đầu tê bì, yếu liệt dần, đặc biệt là tôi không còn kiểm soát được việc đi tiểu tiện nữa.","u mềm treo, thiếu máu, u tủy sống, bỏng, nhiễm nấm candida (nhiễm trùng nấm men)"
"Bụng tôi dạo này rất nhạy cảm, cứ ăn đồ lạ hay căng thẳng là sôi bụng ùng ục, đầy hơi trướng bụng và đau quặn lại. Lúc thì tôi bị tiêu chảy, lúc thì táo bón, đi vệ sinh xong thì bụng mới đỡ đau.","lao ruột, hội chứng ruột kích thích, hội chứng bartter, lao ruột, phúc mạc và mạc treo các tuyến (lao bụng), viêm đại tràng co thắt"
"Cơ thể tôi lúc nào cũng yếu ớt, dặt dẹo. Tôi rất dễ bị cảm lạnh, viêm họng, miệng thì hay bị tưa nấm trắng loét ra. Các vết thương xước ngoài da thì rất lâu lành và hay mưng mủ.","thiếu máu, rôm sảy, hội chứng suy giảm miễn dịch, hạ cam, chắp mắt"
"Nước tiểu của tôi dạo này nổi rất nhiều bọt trắng xóa lâu tan. Mặt và hai mi mắt tôi sáng dậy sưng húp, hai bàn chân, cẳng chân cũng bị sưng phù nề lên ấn vào lõm sâu.","u mềm treo, nấm da (hắc lào), bỏng, hội chứng goodpasture, hội chứng tiền kinh nguyệt"
"Tôi đột ngột bị một cơn đau thắt nghẹt ở lồng ngực, cảm giác đè nặng lan lên hàm và cánh tay trái. Cơn đau kéo dài suốt 20 phút không giảm, tôi vã mồ hôi, khó thở và có buồn nôn.","bệnh mạch vành, u mềm treo, hội chứng vành cấp, sỏi ống mật chủ, hội chứng urê huyết tán huyết"
"Vùng da dưới cánh tay của tôi tiết ra mồ hôi rất nhiều dù không vận động nặng. Mồ hôi có mùi hôi nồng rất khó chịu, làm ố vàng cả nách áo của tôi.","sưng bao quy đầu, đau đầu migraine, bệnh mạch vành, lang ben, viêm amidan có mủ"
"Tôi bị mệt mỏi triền miên, tim đập nhanh hồi hộp và khó thở. Đêm ngủ tôi không thể nằm đầu thấp, thỉnh thoảng có cơn khó thở kịch phát phải ngồi bật dậy vội, đôi lúc khạc ra đờm có dính bọt hồng.","tràn mủ màng phổi, bệnh lao phổi, viêm phế quản, trụy tim, block nhánh trái"
"Dạo này tôi hay bị khó thở và mệt mỏi khi hoạt động nặng. Cổ tôi nổi gân xanh, hai bàn chân và mắt cá chân sưng vù, bụng có vẻ trướng lên và dạo này tôi đi tiểu rất ít.","hội chứng urê huyết tán huyết, block nhánh trái, u mềm treo, viêm phổi, hội chứng goodpasture"
"Nhịp tim tôi đập rất mạnh và không đều, cảm giác hồi hộp đánh trống ngực liên tục. Tôi hay bị khó thở, tức ngực khi gắng sức, thỉnh thoảng thấy chóng mặt, xây xẩm và có phù nhẹ ở mắt cá chân.","u mềm treo, block nhánh phải, block nhánh trái, ám ảnh sợ hãi, hội chứng urê huyết tán huyết"
"Tôi luôn thấy mệt mỏi quá sức, khó thở ngay cả khi đang nghỉ ngơi bình thường. Tim đập dồn dập, tôi hay bị choáng váng chóng mặt, bụng trướng to ấm ách và cẳng chân thì sưng phù nề.","viêm tĩnh mạch, bỏng, block nhánh tim, hội chứng tiền kinh nguyệt, u mềm treo"
"Tôi rất nhanh bị mệt và đuối sức, leo vài bậc cầu thang đã thở hụt hơi. Đêm ngủ tôi hay bị ho khan và khó thở tức ngực, nhiều lúc phải kê thêm mấy cái gối mới chợp mắt được.","hen suyển, bệnh lao phổi, polyp dây thanh quản, viêm mũi, vôi hóa xương"
"Tôi bị ho kéo dài, lồng ngực hay căng tức và phát ra tiếng thở khò khè. Đi lại hay làm việc nhẹ tôi cũng thấy mệt lử, hụt hơi, ban đêm ngủ cũng thấy khó thở và dạo này sút cân nhiều.","ung thư phổi, suy tim tâm thu, suy thận, viêm đường hô hấp dưới, bệnh cơ tim giãn"
"Tôi tự nhiên thấy lồng ngực nặng trĩu, khó hít thở sâu, ngột ngạt như thiếu không khí. Phải hít thở nhanh, nông và gấp gáp mới chịu được, nhịp tim thì đập thình thịch liên hồi.","sốt rét, bệnh mạch vành, lang ben, nhịp tim chậm, u mềm treo"
"Gần đây tôi sờ thấy một cục cứng ở bầu ngực, sờ vào thấy lổn nhổn, ấn không đau nhưng hình như dính chặt không di chuyển. Vùng da quanh đó có vẻ hơi sần sùi và núm vú thì hơi tụt vào trong.","nang nước thừng tinh ở trẻ em, lang ben, u mềm treo, chắp mắt, ung thư biểu mô tiểu thùy tại chỗ"
"Hai vợ chồng tôi mãi vẫn chưa có con. Gần đây tôi cảm thấy ham muốn giảm sút, thi thoảng hơi đau tức nhẹ ở tinh hoàn. Lông râu của tôi mọc rất ít và thưa thớt so với trước đây.","hội chứng prader-willi, suy thận, viêm mũi, huyết khối (cục máu đông), huyết khối tĩnh mạch sâu"
"Ở lưng và ngực tôi xuất hiện nhiều mảng da lốm đốm màu trắng hoặc hồng nhạt. Bề mặt da hơi khô, có vảy cám nhỏ xíu bong ra, ra nhiều mồ hôi là chỗ đó ngứa râm ran rất khó chịu.","u mềm treo, lang ben, sưng bao quy đầu, viêm xoang mũi dị ứng, phù kết mạc"
"Tôi bị đau nhức lưng âm ỉ liên tục nhiều tháng nay. Đêm về tôi hay bị sốt nhẹ, vã mồ hôi trộm và gầy sút cân. Chỗ đốt sống lưng sưng u lên một cục mềm mềm nhưng không nóng đỏ.","nhiễm trùng hậu sản, hội chứng sốc nhiễm độc, viêm bờ mi mắt, viêm khớp nhiễm khuẩn, vỡ túi ngực"
"Cháu trai nhà tôi năm nay 5 tuổi mà đi lại rất hay bị vấp ngã. Cháu đi lạch bạch như vịt, hay nhón gót, đứng lên ngồi xuống hoặc leo cầu thang trông rất khó khăn vất vả.","vôi hóa xương, hội chứng sau bại liệt, chắp mắt, ung thư biểu mô tiểu thùy tại chỗ, áp xe phổi"
"Con tôi đã 2 tuổi rồi nhưng vẫn chưa biết bập bẹ nói từ nào. Cháu cũng không có phản ứng khi tôi gọi tên, ít khi tương tác bằng mắt hay dùng cử chỉ tay chân để đòi đồ vật.","u mềm treo, hội chứng urê huyết tán huyết, lang ben, phân su, chắp mắt"
"Hôm qua bê vác nặng quá sức, tôi bị nhói một cái ở vùng thắt lưng. Giờ chỗ đó đau cứng lại, thỉnh thoảng giật giật cơ, hơi sưng tấy lên và tôi không thể cúi xuống hay vặn mình được.","hội chứng sudeck (loạn dưỡng giao cảm phản xạ), bệnh mạch vành, hói đầu, chắp mắt, áp xe rò luân nhĩ"
"Bắp chân tôi dạo này nổi đầy các đường gân xanh ngoằn ngoèo mập mạp. Đi đứng lâu một chút là thấy tức nặng, mỏi nhừ, đêm hay bị chuột rút và chiều tối thường bị phù sưng hai mắt cá.","hội chứng urê huyết tán huyết, gai đen, viêm cầu thận, nấm da (hắc lào), bệnh mạch vành"
"Bìu bên trái của tôi thỉnh thoảng xệ xuống, nhìn thấy gân nổi loằng ngoằng như búi giun. Cứ đứng lâu hoặc làm việc nặng là thấy đau tức, khó chịu, nằm nghỉ một lúc thì cơn đau dịu bớt.","viêm tụy hoại tử, bệnh mạch vành, nhiễm ký sinh trùng, suy thận, viêm xương tai chũm"
"Bác sĩ ơi, tôi bị bệnh gan đã lâu. Đột nhiên hôm nay tôi nôn ộc ra toàn máu tươi, đi ngoài thì phân đen sệt như bã cà phê, người thì choáng váng muốn ngất xỉu.","giãn tĩnh mạch thực quản, rò mao mạch, tái cực sớm, trụy tim, xuất huyết dạ dày"
"Tôi bị ngã và giờ đau chói ở bắp chân, cẳng chân sưng nề, bầm tím và hoàn toàn không thể cử động hay đi lại được, sờ vào thấy xương có vẻ cong lệch.","đứt dây chằng, hội chứng urê huyết tán huyết, trật khớp, bong gân, hội chứng sốc nhiễm độc"
"Dạo này tôi bị đau lưng ngày càng nặng, lưng cứ còng và cúi gập về phía trước, rất khó để đứng thẳng người lên và cảm thấy chiều cao của mình bị giảm đi.","bệnh mạch vành, gù cột sống, chắp mắt, ung thư biểu mô tiểu thùy tại chỗ, bệnh phình động mạch chủ"
"Tôi bị sốt dai dẳng mãi không khỏi, nổi hạch sưng ở cổ và nách. Cơ thể mệt mỏi, sụt cân nhanh, miệng hay bị lở loét và phát ban đỏ khắp người.","nấm da (hắc lào), viêm đường ruột, lỵ amip cấp, sưng bao quy đầu, nhiễm nấm candida (nhiễm trùng nấm men)"
"Thỉnh thoảng tôi bị đánh trống ngực, tim đập lộn xộn, hồi hộp và có lúc bị choáng váng ngất xỉu đột ngột mà không rõ nguyên nhân.","trụy tim, bệnh cơ tim giãn, bướu cổ, cường giáp, tái cực sớm"
"Tôi bị đau thắt lưng dữ dội, hai chân tê yếu dần đi. Đặc biệt là tôi bị mất cảm giác vùng chậu và dạo này không thể kiểm soát được việc đi tiểu tiện.","hội chứng chùm đuôi ngựa, thiếu máu, xơ vữa động mạch ngoại biên, nhiễm nấm candida (nhiễm trùng nấm men), bệnh mạch vành"
"Tôi bị đau thắt lưng dai dẳng, cơn đau lan dọc xuống tận mặt sau của đùi và cẳng chân. Kể cả khi nằm nghỉ ngơi thì cơn đau cũng không thuyên giảm.","u mềm treo, bỏng, bệnh mạch vành, hội chứng vành cấp, lang ben"
"Tôi bị đau thắt lưng, hai chân yếu hẳn đi đi lại khó khăn. Dạo này tôi còn có biểu hiện bí tiểu, đại tiểu tiện mất tự chủ.","nhiễm nấm candida (nhiễm trùng nấm men), bệnh mạch vành, hội chứng chùm đuôi ngựa, hội chứng vành cấp, hẹp hậu môn ở trẻ em"
"Cháu nhà tôi bị sốt cao mấy ngày không hạ, nổi ban đỏ khắp người, hai mắt đỏ hoe. Lưỡi cháu đỏ rực nổi gai như quả dâu tây và lòng bàn tay bàn chân bị sưng tấy đỏ.","hội chứng urê huyết tán huyết, viêm bờ mi mắt, hội chứng goodpasture, u mềm treo, dị ứng thời tiết"
"Dạo này tôi rất mệt mỏi, chán ăn, sút cân nhanh và hay đổ mồ hôi đầm đìa về đêm. Đi khám bác sĩ bảo tôi bị lách to, thiếu máu và trên người hay xuất hiện vết bầm tím.","ung thư lá lách, bệnh bạch cầu, basedow, thận bột, cường lách"
"Da tôi tự nhiên bị mất lớp mỡ dưới da, nhăn nheo và nổi rõ các đường tĩnh mạch xanh. Tôi hay thấy đói cồn cào, kinh nguyệt không đều và chân tay dễ bị bầm tím.","hội chứng urê huyết tán huyết, u mềm treo, lang ben, tứ chứng fallot, hội chứng cushing"
Dạo này tôi hay bị ra máu âm đạo bất thường giữa các chu kỳ kinh nguyệt và chảy máu sau khi quan hệ. Thỉnh thoảng tôi còn thấy đau tức ở vùng bụng dưới tiểu khung.,"ung thư tử cung, nhiễm khuẩn h.p, ung thư da, hội chứng behcet, hội chứng kháng thể kháng phospholipid"
"Tôi hay bị đau nhức sâu bên trong xương, tay chân có vẻ bị cong vẹo biến dạng, đi lại khó khăn. Bác sĩ bảo cấu trúc xương của tôi yếu và rất dễ bị gãy.","u mềm treo, hội chứng urê huyết tán huyết, nấm da (hắc lào), chèn ép khoang dưới mỏm cùng vai, vỡ túi ngực"
"Bé nhà tôi phát triển chiều cao rất chậm, tay chân có vẻ ngắn và bé hơn so với thân mình. Đầu bé hơi to, trán rộng và phần sống mũi có vẻ dẹt xuống.","hội chứng noonan, nấm da (hắc lào), u mềm treo, hội chứng urê huyết tán huyết, u mỡ"
"Trên lưỡi tôi xuất hiện những mảng nhẵn màu đỏ, hình dạng loang lổ ngoằn ngoèo như bản đồ. Nó hay thay đổi vị trí kích thước và ăn đồ chua cay vào thì thấy rất rát.","lưỡi bản đồ, nhiễm nấm candida (nhiễm trùng nấm men), chắp mắt, rách võng mạc, nấm da (hắc lào)"
"Mỗi lần đến kỳ kinh nguyệt tôi bị đau quặn vùng bụng dưới và vùng chậu lăn lộn, máu kinh ra ồ ạt rất nhiều. Thỉnh thoảng tôi còn bị đau thắt khi quan hệ tình dục.","bệnh mạch vành, hội chứng vành cấp, viêm xương tai chũm, viêm mũi, huyết khối (cục máu đông)"
"Tôi đi vệ sinh thấy buốt rát kinh khủng, vùng kín tiết ra rất nhiều dịch mủ màu vàng đục, có mùi hôi và thỉnh thoảng bị chảy máu giữa chu kỳ kinh.","vảy nến, nhiễm nấm candida (nhiễm trùng nấm men), viêm tai, gai đen, giãn ống dẫn sữa"
"Hàm răng của tôi mọc chen chúc lộn xộn, răng cửa hàm trên bị chìa vẩu ra ngoài. Khi tôi cắn hai hàm lại thì chúng không khít vào nhau mà hở ra một khoảng.","lang ben, chắp mắt, ung thư biểu mô tiểu thùy tại chỗ, áp xe phổi, bạch cầu cấp"
"Trẻ nhà tôi đang chơi tự nhiên khóc thét lên, co rúm hai chân vào bụng. Cháu nôn ói liên tục, lừ đừ và chiều nay đi cầu ra phân có lẫn dịch nhầy và máu tươi.","áp xe não do amip, trụy tim, hội chứng urê huyết tán huyết, hội chứng sudeck (loạn dưỡng giao cảm phản xạ), viêm màng não"
"Dạo này giọng tôi bị khàn đặc, nói rất thều thào yếu hơi. Khi ăn hay uống nước tôi rất hay bị sặc, mắc nghẹn, và thỉnh thoảng thấy khó thở, thở có tiếng khò khè.","ho gà, liệt dây thanh quản, thiếu máu, ung thư thực quản, dị ứng sữa"
"Sáng ngủ dậy tôi thấy nửa mặt mình bị đơ cứng, miệng méo xệch, mắt bên đó không nhắm kín được. Tôi ăn uống hay bị trào ra ngoài và thấy đau buốt ở sau mang tai.","viêm cân gan chân, viêm mũi, bỏng, lang ben, hội chứng urê huyết tán huyết"
"Móng tay và móng chân của tôi dạo này trở nên dày cộm, sần sùi, đổi sang màu vàng đục. Móng rất giòn, hay bị nứt nẻ, bong tróc mủn ra và hình dạng cong vẹo.","nấm da (hắc lào), u mềm treo, hội chứng urê huyết tán huyết, giãn ống dẫn sữa, tắc tuyến lệ ở trẻ em"
"Tôi hay bị nóng rát cồn cào ở vùng sau xương ức, nuốt thức ăn thấy đau nghẹn. Thỉnh thoảng tôi bị nôn ọe, ợ hơi liên tục và dạo này sút cân không rõ lý do.","bệnh mạch vành, viêm họng mãn tính, hội chứng sudeck (loạn dưỡng giao cảm phản xạ), viêm xoang, nhiễm nấm candida (nhiễm trùng nấm men)"
"Mắt tôi nhìn mọi thứ cứ bị mờ dần, đặc biệt là nhìn các đường thẳng thì thấy nó bị uốn cong, méo mó đi. Ở tầm nhìn giữa cứ có một mảng mờ che khuất rất khó chịu.","chắp mắt, màng trước võng mạc, loạn thị, viêm amidan có mủ, ung thư biểu mô tiểu thùy tại chỗ"
"Tôi đi khám phát hiện mỡ máu rất cao. Thỉnh thoảng tôi hay bị nhức đầu, hoa mắt, tê bì các đầu ngón tay ngón chân và có những cơn đau tức ở vùng ngực.","u mềm treo, thiếu máu, hội chứng urê huyết tán huyết, suy thận, viêm xương tai chũm"
"Đã mấy tháng nay tôi không thấy có kinh nguyệt. Cơ thể hay bị bốc hỏa, khô hạn vùng kín đau rát khi quan hệ, dạo này tôi cũng hay bị đau đầu và giảm hẳn ham muốn.","nhiễm nấm candida (nhiễm trùng nấm men), viêm họng xung huyết, lang ben, ung thư buồng trứng, chắp mắt"
"Bà nhà tôi dạo này trí nhớ suy giảm hẳn, vừa nói xong đã quên ngay, không nhớ nổi tên đồ vật quen thuộc. Bà hay bị lạc đường, đi ra ngõ là mất phương hướng không biết lối về.","lang ben, hay quên, hội chứng rett, mất ngủ mãn tính, chắp mắt"
"Tự nhiên khắp người tôi nổi đầy các mảng sẩn đỏ, gồ lên khỏi mặt da như vết muỗi đốt. Các nốt sẩn này ngứa ngáy điên cuồng, càng gãi nó càng lan rộng ra khắp tay chân bụng.","u mềm treo, hội chứng urê huyết tán huyết, gai đen, ghẻ, bỏng"
"Đột nhiên tôi bị đau thắt lồng ngực trái dữ dội, cảm giác như có tảng đá đè nặng. Cơn đau xuyên ra sau lưng, lan dọc xuống cánh tay trái, vã mồ hôi hột và rất khó thở.","bệnh mạch vành, u mềm treo, hội chứng vành cấp, hội chứng urê huyết tán huyết, bệnh tim bẩm sinh"
"Tay tôi dạo này cứ để yên là bị run lẩy bẩy không kiểm soát được. Đi lại chậm chạp, bước chân ngắn lê lết, lưng hơi còng xuống và các khớp có cảm giác bị cứng đờ.","u mềm treo, hội chứng urê huyết tán huyết, lang ben, chắp mắt, ung thư biểu mô tiểu thùy tại chỗ"
"Dạo này trên mặt, mép và cả vùng ngực, bụng của tôi tự nhiên mọc rất nhiều lông. Lông rậm rạp, đen và cứng cáp một cách bất thường so với nữ giới.","u mềm treo, bỏng, chắp mắt, viêm gan tự miễn, chán ăn thần kinh (biếng ăn tâm lý)"
"Tôi đang mang thai ở tháng cuối, tự nhiên thấy dưới vùng kín có nước chảy rỉ rỉ ra quần lót từng ít một. Nước này trong suốt, không phải nước tiểu vì nó không có mùi khai.","lang ben, rối loạn tiểu tiện, thận bột, viêm tai, gai đen"
"Bé nhà tôi dạo này da và tròng mắt bị vàng ệch, bụng và hai chân hơi sưng phù. Bé đi tiểu ra nước màu sẫm nhưng phân lại nhạt màu trắng bợt, bé lười bú và rất hay nôn trớ.","nấm da (hắc lào), hội chứng urê huyết tán huyết, hội chứng tiền kinh nguyệt, hẹp hậu môn ở trẻ em, viêm cầu thận"
"Thỉnh thoảng tôi bị lên những cơn hoảng loạn, lo sợ tột độ vô cớ. Tim đập thình thịch muốn rớt ra ngoài, lồng ngực tức nghẹn khó thở, chóng mặt và vã mồ hôi bủn rủn tay chân.","u mềm treo, hội chứng urê huyết tán huyết, suy thận, block nhánh phải, block nhánh trái"
"Tôi dạo này hay bị đầy bụng, ậm ạch khó tiêu. Thỉnh thoảng có những cơn nhói ngực nhẹ, hoa mắt chóng mặt và bị tê rần ở các đầu ngón tay ngón chân.","u mềm treo, hội chứng urê huyết tán huyết, phình động mạch, thiếu máu, rối loạn lipid máu"
"Bàn tay và hai bàn chân tôi hay bị tê rần, châm chích ngứa ran như kiến bò. Dạo này tôi thấy cơ tay yếu đi, cầm nắm đồ vật không chặt dễ bị rớt, bước đi cũng khó khăn.","thiếu máu, hội chứng goodpasture, tê bì chân tay, u mềm treo, hội chứng urê huyết tán huyết"
"Tôi bị sốt cao gai rét liên tục, nhức mỏi cơ và đau đầu. Ở vùng bẹn có nổi một vết loét nhỏ đóng vảy đen không đau, xung quanh chỗ đó nổi cục hạch sưng to.","đậu mùa khỉ, viêm mũi họng, xơ vữa động mạch ngoại biên, chèn ép khoang dưới mỏm cùng vai, vỡ túi ngực"
"Răng của con tôi bề mặt bị xỉn màu, ố vàng, men răng rất bở và mủn ra. Răng cứ bị mòn, mẻ rụng cụt dần xuống tận chân nướu và cháu hay kêu ê buốt khi ăn đồ lạnh.","u mềm treo, sâu răng, chắp mắt, thiếu máu, trụy tim"
"Tôi đi khám thai thì bác sĩ bảo bụng tôi nhỏ hơn so với tuần tuổi của thai, thai nhi dạo này cũng ít đạp hơn hẳn. Siêu âm thấy báo là lượng nước ối cạn đi rất nhiều.","nấm da (hắc lào), chắp mắt, ung thư biểu mô tiểu thùy tại chỗ"
"Cổ vai gáy tôi dạo này rất nhức mỏi, nặng trĩu. Cứ ngoái đầu sang hai bên hay ra sau là thấy vướng và đau nhói. Thỉnh thoảng sáng ngủ dậy bị vẹo cổ cứng đơ khó cử động.","chèn ép khoang dưới mỏm cùng vai, viêm mũi, vỡ túi ngực, xơ vữa động mạch ngoại biên, áp xe má"
"Bé nhà tôi 3 tuổi mà gọi tên không quay lại, không bao giờ nhìn thẳng vào mắt người khác. Bé chỉ thích chơi lủi thủi một mình, hay đi nhón gót và có hành động quay tròn người liên tục.","tự kỷ ở trẻ em, lang ben, hội chứng sudeck (loạn dưỡng giao cảm phản xạ), chắp mắt, ung thư biểu mô tiểu thùy tại chỗ"
"Ở vùng cổ và nách tôi tự nhiên nổi lên mấy cục hạch sưng to nhưng ấn vào không đau. Dạo này tôi rất hay bị mệt mỏi, sốt nhẹ về chiều, đổ mồ hôi trộm và ho khan.","bệnh lao phổi, viêm phổi, viêm amidan hốc mủ, nhiễm trùng hậu sản, nang nước thừng tinh ở trẻ em"
"Tôi bị nổi hạch sưng to ở cổ và bẹn. Gần đây trên da tôi xuất hiện nhiều vết loét khó lành, người luôn trong trạng thái mệt mỏi, sốt lai rai và gầy sút đi nhiều.","đậu mùa khỉ, phình động mạch ngoại biên, basedow, mụn rộp (herpes) sinh dục, áp xe gan do amip"
"(Khối u thanh quản) Cổ họng tôi luôn có cảm giác vướng víu khó nuốt, khàn tiếng. Thỉnh thoảng tôi thấy nhức mỏi vùng cổ và sờ tay vào phía trước cổ thấy có cục sưng cứng gồ lên.","bạch hầu thanh quản, u mềm treo, chèn ép khoang dưới mỏm cùng vai, viêm tuyến giáp, ung thư tuyến nước bọt"
"Dạo này tôi ăn uống rất khó khăn, nuốt thức ăn cứ hay bị nghẹn ứ ở giữa ngực. Thỉnh thoảng ăn xong lại bị nôn trớ ngược thức ăn ra ngoài và có cảm giác tức nặng ở ngực.","bệnh mạch vành, viêm xoang, suy thận, ung thư thực quản, đau dạ dày"
"Tôi rất dễ bị hụt hơi và khó thở khi vận động hay làm việc nặng. Tim hay đập đánh trống ngực lộn xộn, mệt mỏi và hai bàn chân dạo này bị sưng phù nề.","hội chứng goodpasture, polyp dây thanh quản, hội chứng tiền kinh nguyệt, u mềm treo, basedow"
"Thỉnh thoảng tôi bị những cơn huyết áp tăng vọt lên rất cao, vã mồ hôi ướt đẫm, tim đập thình thịch. Kèm theo đó là nhức đầu dữ dội, buồn nôn và cảm giác hồi hộp lo sợ.","nhiễm trùng não, cao huyết áp ở trẻ em, nhiễm trùng tai, trụy tim, xoắn tinh hoàn"
"Vùng đầu gối của tôi bị sưng to lên thành cục, ấn vào thấy rất đau nhói. Cơn đau xương cứ tăng dần lên theo thời gian làm tôi đi lại vô cùng khó khăn.","nang tuyến bartholin (viêm tuyến bartholin), hồng cầu lưỡi liềm, viêm khớp nhiễm khuẩn, áp xe má, chèn ép khoang dưới mỏm cùng vai"
"Tôi hay bị nghẹt cứng một bên mũi, chảy nước mũi đặc, có hôm tự nhiên chảy máu cam ồ ạt rất khó cầm. Tai bên đó cũng hay bị ù đặc nghe kém và tôi thường xuyên nhức đầu.","u xơ vòm mũi họng, nấm da (hắc lào), thiếu máu, viêm xương tai chũm, thương hàn"
"Ở cẳng chân tôi luôn có cơn đau nhức xương âm ỉ, đặc biệt đau nhiều về đêm. Gần đây tôi sờ thấy có chỗ gồ lên cứng ngắc ở xương, chân yếu hẳn đi và đi lại rất đau đớn.","nấm da (hắc lào), nang tuyến bartholin (viêm tuyến bartholin), viêm khớp vảy nến, chèn ép khoang dưới mỏm cùng vai, vỡ túi ngực"
"Trên lưng tôi có một nốt ruồi đen tự nhiên lớn nhanh bất thường, viền nham nhở không đều màu. Dạo này nó sần sùi lên, hay bị ngứa và đôi khi cọ xát thì rỉ ra chút máu.","lang ben, ung thư da, viêm xoang, ung thư hắc tố da, chắp mắt"
"Dạo này tôi bị sụt cân rất nhanh, ăn uống không ngon miệng. Vùng dưới sườn bên phải thỉnh thoảng đau nhức căng tức, bụng trướng to và da có vẻ bị vàng đi.","suy thận, hội chứng zollinger-ellison, chèn ép khoang dưới mỏm cùng vai, vỡ túi ngực, áp xe má"
"Tôi hay bị đau âm ỉ ở vùng trên rốn, ăn nhanh no và hay buồn nôn. Dạo này tôi gầy sút đi nhiều và đi ngoài thấy phân đen sì như bã cà phê.","basedow, bỏng, giãn ống dẫn sữa, hội chứng antiphospholipid, gist dạ dày"
"Tôi bị ho dai dẳng mấy tháng nay không khỏi, gần đây khạc đờm có lẫn máu tươi. Ngực hay bị tức, thở hụt hơi và người sút cân trông thấy rõ rệt.","viêm phế quản, lao phổi, tràn mủ màng phổi, bệnh lao phổi, phình động mạch chủ ngực"
"Dạo này tôi đi đại tiện rất bất thường, lúc táo lúc lỏng, khuôn phân nhỏ dẹt. Thỉnh thoảng đi ngoài có lẫn máu và bụng hay đau quặn từng cơn mót rặn.","lỵ amip cấp, viêm xương tai chũm, viêm mũi, huyết khối (cục máu đông), huyết khối tĩnh mạch sâu"
Tôi sờ thấy một cục cứng ở ngực không đau nhưng dính chặt không di chuyển. Vùng da quanh đó bị sần sùi lồi lõm và núm vú thỉnh thoảng rỉ ra chút dịch có máu.,"rò mao mạch, phế cầu khuẩn, nang nước thừng tinh ở trẻ em, lang ben, u mềm treo"
"Tôi bị chảy máu vùng kín lắt nhắt dù không phải ngày hành kinh, nhất là sau khi quan hệ. Dịch tiết ra nhiều, có mùi rất hôi và hay đau âm ỉ vùng bụng dưới.","chlamydia, lichen xơ hóa, nhiễm khuẩn h.p, ung thư da, hội chứng behcet"
"Cổ tôi nổi một cục u cứng, nuốt nước bọt hay thức ăn đều thấy vướng nghẹn. Giọng tôi dạo này khàn đặc đi và thỉnh thoảng thấy khó thở, sờ quanh cổ thấy nổi hạch.","viêm xoang, ung thư thực quản, nấm da (hắc lào), viêm xương tai chũm, chắp mắt"
"Tôi đi tiểu rất khó khăn, tia nước yếu và tiểu lắt nhắt nhiều lần về đêm. Có lúc đi tiểu thấy lẫn chút máu, kèm theo đau nhức ê ẩm vùng thắt lưng và xương chậu.","nấm da (hắc lào), hội chứng kháng thể kháng phospholipid, chèn ép khoang dưới mỏm cùng vai, vỡ túi ngực, áp xe má"
"Tôi hay bị nghẹt cứng mũi và chảy máu cam ở một bên. Tai bên đó cũng hay bị ù đặc nghe kém, nhức đầu liên tục và sờ dưới góc hàm thấy có cục hạch sưng to.","u xơ vòm mũi họng, hội chứng urê huyết tán huyết, vỡ túi ngực, viêm xương tai chũm, thương hàn"
"Bụng tôi dạo này hay bị chướng to, đầy hơi, ăn một chút là đã thấy no ứ. Tôi đi tiểu rất nhiều lần, kinh nguyệt rối loạn và thỉnh thoảng đau tức vùng chậu.","gist dạ dày, lão thị, sỏi tụy, viêm đầu ti, gai đen"
"Vùng kín của tôi rất ngứa ngáy, ra nhiều khí hư màu trắng đục như bã đậu và có mùi chua. Mỗi lần đi tiểu hoặc quan hệ vợ chồng đều thấy đau rát vô cùng.","nhiễm nấm candida (nhiễm trùng nấm men), gai đen, giãn ống dẫn sữa, vảy nến, viêm đầu ti"
"Dạo này tôi ra rất nhiều dịch nhầy màu vàng xanh ở vùng kín. Thỉnh thoảng bị ra máu lắt nhắt giữa chu kỳ, đi tiểu buốt và hay đau tức vùng bụng dưới.","hẹp hậu môn ở trẻ em, suy thận, tắc tuyến lệ ở trẻ em, viêm xương tai chũm, viêm mũi"
"Tôi ra khí hư ồ ạt ướt cả quần lót, có mùi hôi tanh khó chịu. Vùng bụng dưới hay bị đau râm ran và tôi thường bị chảy máu nhẹ rỉ ra sau khi quan hệ tình dục.","nhiễm nấm candida (nhiễm trùng nấm men), nhiễm khuẩn h.p, mục cóc, sưng bao quy đầu, đau đầu migraine"
"Tôi bị đau quặn thắt vùng chậu, sốt gai rét và ớn lạnh. Khí hư ra rất nhiều, mùi hôi khó chịu và kỳ kinh nguyệt tháng này bị rối loạn loạn xị ngầu.","viêm bể thận, nhiễm nấm candida (nhiễm trùng nấm men), sưng bao quy đầu, đau đầu migraine, áp xe"
"Con tôi tự nhiên sốt rất cao, kêu nhức đầu dữ dội muốn vỡ tung và nôn vọt ra ngoài. Cổ cháu cứng đơ không cúi xuống được, rất sợ ánh sáng chói và có lúc co giật nhẹ.","nhiễm trùng não, viêm màng não mủ, phế cầu khuẩn, nhiễm trùng tai, bệnh quai bị"
"Cháu nhà tôi sốt cao liên miên, lơ mơ gọi không đáp ứng, thi thoảng co giật chân tay. Cổ cháu cứng lại, mắt đờ đẫn lú lẫn và dường như bị yếu liệt một bên người.","u mềm treo, hội chứng urê huyết tán huyết, viêm não nhật bản, hạ canxi máu, cúm a h1n1"
"Sáng ngủ dậy các khớp ngón tay, cổ tay của tôi cứng đơ, sưng đau nhức nhối, xoa bóp cả tiếng mới cử động được. Các khớp sưng to hơn bình thường và có vẻ biến dạng cong vẹo.","vỡ túi ngực, u mềm treo, viêm mũi, hội chứng urê huyết tán huyết, chèn ép khoang dưới mỏm cùng vai"
"Hai đầu gối của tôi rất đau nhức mỗi khi đi bộ hay leo bậc thang. Khi co duỗi nghe tiếng lục cục lạo xạo trong khớp, sáng dậy khớp hơi cứng và đi đứng khập khiễng.","nang tuyến bartholin (viêm tuyến bartholin), chèn ép khoang dưới mỏm cùng vai, vỡ túi ngực, áp xe má, xơ vữa động mạch ngoại biên"
"Tôi bị đau nhức dữ dội ở vùng thắt lưng, cơn đau lan dọc xuống tận mông và gót chân. Chân tôi dạo này hay bị tê bì, yếu đi, mỗi khi ho hắt hơi hay rặn là buốt thấu xương.","ho gà, u xơ thần kinh, thiếu máu, nấm da (hắc lào), chèn ép khoang dưới mỏm cùng vai"
"Tôi hay bị đau nhức âm ỉ sâu trong xương, nhất là ở vùng lưng hông. Dạo này tôi thấy chiều cao mình giảm đi, lưng hơi còng và trượt ngã va đập nhẹ cũng dễ gãy xương.","hẹp ống sống, hội chứng sau bại liệt, chèn ép khoang dưới mỏm cùng vai, vỡ túi ngực, áp xe má"
"Bà nhà tôi bị ngã trượt chân, giờ đùi sưng to bầm tím và đau chói không chịu nổi. Cụ không thể nhấc chân lên được, nhìn một bên chân có vẻ ngắn hơn và bàn chân lật ra ngoài.","hội chứng urê huyết tán huyết, đứt dây chằng, bong gân, hội chứng sốc nhiễm độc, nấm da (hắc lào)"
"Lúc đầu tôi chỉ thấy đau râm ran quanh rốn, sau đó cơn đau chuyển hẳn xuống góc bụng dưới bên phải. Đau quặn không chịu nổi, ấn vào nảy người, kèm buồn nôn và hâm hấp sốt.","lỵ amip cấp, thận ứ nước, hội chứng ruột kích thích, nhiễm khuẩn h.p, thoát vị bẹn người lớn"
"Dạo này đi đại tiện tôi hay thấy máu đỏ tươi nhỏ giọt bám trên phân. Có một cục thịt mềm lồi ra khỏi hậu môn, rát nhẹ, đi xong phải lấy tay đẩy nó mới thụt vào trong.","u mềm treo, căng cơ quá mức, nhiễm nấm candida (nhiễm trùng nấm men), u mỡ, hội chứng stevens-johnson"
"Ngay rìa hậu môn của tôi nổi lên một cục sưng tấy, sờ vào rất cộm và đau. Nó ngứa ngáy vướng víu, lúc ngồi gập hay đi vệ sinh đều rát buốt xót không chịu nổi.","viêm đầu ti, viêm môi, nhiễm nấm candida (nhiễm trùng nấm men), áp xe rò luân nhĩ, trĩ nội"
"Ở vùng da sát hậu môn của tôi có một lỗ nhỏ, thỉnh thoảng lại sưng tấy đau nhức rồi xì ra dịch mủ vàng hôi rình. Tình trạng này cứ tái đi tái lại nhiều lần mãi không dứt.","vỡ túi ngực, áp xe rò luân nhĩ, hói đầu, chắp mắt, sưng bao quy đầu"
"Mỗi lần rặn đi vệ sinh là hậu môn tôi đau nhói xé rách như bị dao cứa, cơn đau kéo dài cả tiếng đồng hồ sau đó. Trên giấy vệ sinh tôi hay thấy có dính vài giọt máu tươi.","vỡ tử cung, áp xe má, chèn ép khoang dưới mỏm cùng vai, nhau bong non, u mềm treo"
"Tôi hay bị đau xót ruột, cồn cào ở vùng trên rốn, nhất là lúc bụng đói hoặc vừa ăn no xong. Bụng hay đầy trướng, ợ hơi ợ chua liên tục và thỉnh thoảng buồn nôn.","viêm xung huyết hang vị dạ dày, hội chứng zollinger-ellison, đau dạ dày, hội chứng sudeck (loạn dưỡng giao cảm phản xạ), viêm họng"
"Tự nhiên tôi bị nôn thốc ộc ra một đống máu tươi lẫn cục máu đông. Đi ngoài thì phân đen sì mùi khắm, người xây xẩm hoa mắt, vã mồ hôi lạnh toát và lả đi.","đau đầu migraine, trụy tim, thiếu máu, rối loạn lipid máu, sốt ve mò"
"Bụng tôi dạo này trướng to căng bóng, ăn uống không tiêu. Da dẻ và tròng mắt bị vàng ệch đi, hai chân sưng phù nề và trên ngực nổi những mạch máu đỏ hình nhện.","bỏng, u mềm treo, hội chứng tiền kinh nguyệt, hội chứng urê huyết tán huyết, nấm da (hắc lào)"
"Người nhà tôi tự nhiên bị vàng da vàng mắt rất đậm, nôn mửa liên tục. Dạo này hay bị chảy máu cam, ý thức lơ mơ lú lẫn lúc tỉnh lúc mê, mệt lả và hơi thở có mùi hôi.","viêm gan c, hội chứng evans, thiếu máu tán huyết, viêm gan d, viêm quanh răng"
"Cứ sau khi ăn đồ dầu mỡ là tôi bị đau thắt quặn từng cơn ở vùng dưới sườn phải, đau xuyên ra sau lưng bả vai. Kèm theo đó là sốt ớn lạnh, buồn nôn và da hơi vàng.","hội chứng vành cấp, sỏi túi mật, thận móng ngựa, tiểu ra máu, babesia (nhiễm trùng do babesia)"
"Tôi bị đau nhức dữ dội ở vùng hạ sườn phải, ấn vào đau điếng không hít thở sâu được. Người sốt cao gai rét, buồn nôn và nôn ra toàn dịch đắng ngắt.","viêm bể thận, xoắn tinh hoàn, viêm mũi họng, chèn ép khoang dưới mỏm cùng vai, vỡ túi ngực"
"Sau bữa nhậu, tôi bị đau quặn thắt vùng trên rốn dữ dội như dao đâm, xuyên thẳng ra sau lưng. Tôi nôn ói liên tục nhưng nôn xong bụng vẫn căng chướng và không hề đỡ đau.","hội chứng sudeck (loạn dưỡng giao cảm phản xạ), sỏi tụy, xoắn tinh hoàn, lỵ amip cấp, bệnh mạch vành"
"Tôi hay bị những cơn đau bụng âm ỉ vùng thượng vị kéo dài, sút cân rất nhiều. Đi đại tiện phân bóng váng mỡ, ăn uống lúc nào cũng đầy ậm ạch khó tiêu.","lao màng bụng, viêm tụy hoại tử, viêm đường ruột, basedow, polyp dạ dày"
"Sáng ngủ dậy mặt và hai mí mắt tôi hay sưng húp, hai chân cũng bị phù nề. Đi tiểu thấy nước tiểu đục sủi nhiều bọt, huyết áp đo lúc nào cũng cao, người xanh xao mệt mỏi.","nấm da (hắc lào), bỏng, u mềm treo, polyp dây thanh quản, phù kết mạc"
"Tự nhiên 2 ngày nay tôi không đi tiểu được giọt nào, người phù nề sưng múp tích nước. Tôi rất khó thở, buồn nôn trào ngược, tim đập loạn xạ và đầu óc cứ đờ đẫn.","viêm cầu thận, hội chứng goodpasture, nấm da (hắc lào), bỏng, tăng canxi máu"
"Người tôi lúc nào cũng mệt mỏi, da xanh xạm đi và hay ngứa râm ran. Tôi đi tiểu đêm nhiều, chán ăn, sáng dậy là buồn nôn, hai cẳng chân sưng phù và đêm hay bị chuột rút bắp chân.","viêm cầu thận, hội chứng goodpasture, hội chứng urê huyết tán huyết, tiêu chảy nhiễm trùng, nấm da (hắc lào)"
"Tôi bị một cơn đau thắt quặn dữ dội từ hông lưng lan dọc xuống tận vùng bẹn và đùi. Đi tiểu rắt gắt buốt, nước tiểu lợn cợn thỉnh thoảng có máu và rất hay buồn nôn.","hội chứng vành cấp, xoắn tinh hoàn, thận ứ nước, phế cầu khuẩn, viêm ống dẫn trứng"
"Đang đi tiểu thì tia nước tự nhiên tắt phụt nghẽn lại, phải nghiêng người mới tiểu tiếp được. Đi tiểu rát buốt đau nhói ở cuối bãi, bụng dưới hay tức nặng và đôi khi tiểu ra máu.","hội chứng kháng thể kháng phospholipid, hội chứng dressler, nhiễm nấm candida (nhiễm trùng nấm men), áp xe má, chèn ép khoang dưới mỏm cùng vai"
"Tôi đi tiểu lắt nhắt cả ngày, buồn tiểu gấp nhưng mỗi lần ra được một tí. Đi tiểu rất xót và buốt, nước tiểu đục ngầu, hôi nồng và bụng dưới hay bị đau âm ỉ.","rối loạn tiểu tiện, tăng sinh lành tính tuyến tiền liệt, viêm bể thận, cơn đau bão thận, viêm cân gan chân"
"Lỗ tiểu của tôi bị sưng tấy đỏ, ngứa ngáy châm chích bên trong. Đi tiểu rất buốt rát dọc đường tiểu, buổi sáng ngủ dậy hay bị chảy giọt mủ đục nhầy ở lỗ sáo.","nhiễm nấm candida (nhiễm trùng nấm men), rôm sảy, viêm đầu ti, viêm môi, sưng bao quy đầu"
"Dạo này tôi đi tiểu rất khó khăn, đứng mãi mới rặn ra được, tia nước yếu ớt rớt xuống ngón chân. Đêm phải dậy đi tiểu 4-5 lần, vừa đi xong lại có cảm giác ứ đọng chưa hết bãi.","nấm da (hắc lào), hẹp hậu môn ở trẻ em, hội chứng kháng thể kháng phospholipid, chắp mắt, ho gà"
"Tôi bị đau nhức âm ỉ ở vùng kẽ giữa bìu và hậu môn, đau mỏi lan lên thắt lưng. Đi tiểu lắt nhắt buốt rát, thỉnh thoảng hâm hấp sốt và khi xuất tinh thì thấy rất nhức xót.","hẹp ống sống, chèn ép khoang dưới mỏm cùng vai, nhiễm nấm candida (nhiễm trùng nấm men), vảy nến, vỡ túi ngực"
"Tôi lúc nào cũng thấy mệt mỏi lờ đờ, cực kỳ sợ lạnh dù người khác thấy bình thường. Bị táo bón nặng kéo dài, da khô tróc vảy, rụng tóc nhiều và cân nặng cứ tăng vù vù.","nấm da (hắc lào), viêm tuyến giáp, vô kinh, suy giáp, thiếu máu"
"Tôi lúc nào cũng khát khô cổ họng, uống nước ừng ực liên tục ngày chục lít không đã khát. Đi tiểu liên tục không kiểm soát, nước tiểu trong vắt như nước lọc, người mệt lả vì mất ngủ.","lang ben, thận bột, viêm mũi, hẹp hậu môn ở trẻ em, hội chứng sudeck (loạn dưỡng giao cảm phản xạ)"
"Dạo này tôi tăng cân lạ lắm, mặt sưng tròn xoe đỏ ửng, mỡ tích thành ụ ở cổ gáy và bụng nhưng tay chân lại teo nhỏ. Bụng xuất hiện những vết rạn nứt da màu tím sẫm to tướng.","u mềm treo, hội chứng urê huyết tán huyết, bỏng, suy giáp, hội chứng sheehan"
"Người tôi rã rời không nhấc nổi tay chân, huyết áp đo toàn bị tụt chóng mặt. Da dẻ sạm đen lại đặc biệt ở các nếp gấp và niêm mạc miệng, chán ăn nhưng lại thèm ăn đồ mặn vô cùng.","u mềm treo, hội chứng urê huyết tán huyết, bỏng, ung thư thận, lang ben"
"Tự nhiên tôi bị nôn thốc nôn tháo, đau bụng quặn thắt, người bủn rủn vã mồ hôi lạnh toát. Huyết áp tụt dốc lảo đảo, đầu óc lơ mơ lú lẫn và mệt lả muốn xỉu đi.","trụy tim, thận iga, băng huyết sau sinh, lồng ruột, block nhánh trái"
"Tôi tăng cân vượt quá mức kiểm soát, mỡ tập trung từng ngấn dày ở bụng và đùi. Cứ vận động hay đi lại hơi nhanh là thở hổn hển hụt hơi, đêm ngủ ngáy rống lên và cơ thể ịch ạch nặng nề.","viêm mũi, bệnh cơ tim giãn, bệnh mạch vành, phì đại cuốn mũi, nang nước thừng tinh ở trẻ em"
"Mí mắt tôi hay bị sụp hẳn xuống cản trở tầm nhìn, nhất là về chiều. Làm việc một lúc là tay chân rã rời yếu xìu không nhấc lên nổi, nhai cơm cũng mỏi hàm rụng rời, nhưng nằm nghỉ một lúc thì lại hồi phục sức cơ.","u mềm treo, hội chứng urê huyết tán huyết, lang ben, sụp mí mắt, chắp mắt"
"Tôi bị đau tức ngực dai dẳng, ho khan nhiều. Đặc biệt mỗi khi hít thở sâu hay ho thì lồng ngực lại đau nhói lên, cảm giác rất khó thở.","bệnh lao phổi, block nhánh phải, block nhĩ thất, hen suyển, áp xe má"
"Đang bình thường tự nhiên ngực tôi nhói lên dữ dội như dao đâm. Tôi bị khó thở cấp tính, phải thở hổn hển nông và nhanh, vã cả mồ hôi hột.","sưng bao quy đầu, xoắn tinh hoàn, tinh hoàn ẩn, u mềm treo, viêm amidan hốc mủ"
"Mỗi lần tôi hít thở sâu hay ho là lồng ngực lại đau nhói rát bứt rứt. Dạo này tôi hay bị ho khan, sốt nhẹ về chiều và thở rất nông vì sợ đau.","bệnh lao phổi, viêm phổi, nhiễm nấm candida (nhiễm trùng nấm men), viêm đường hô hấp dưới, nhiễm trùng tai"
"Tôi làm nghề thợ mỏ nhiều năm, dạo này hay ho khạc ra đờm có màu đen kịt. Đi lại làm việc một tí là thở hụt hơi, tức ngực và người gầy sút đi.","bệnh lao phổi, túi thừa thực quản, tràn mủ màng phổi, viêm phế quản, phình động mạch chủ ngực"
"Vợ tôi bảo đêm ngủ tôi ngáy rất to rồi tự nhiên nín thở một lúc lâu mới khụt khịt thở lại. Ban ngày tôi lúc nào cũng buồn ngủ gà gật, sáng dậy hay bị đau đầu.","viêm mũi, phì đại cuốn mũi, chấn thương sọ não, viêm đầu ti, viêm va"
"Người nhà tôi đột nhiên khó thở dữ dội, ngực rút lõm lồng ngực. Môi và các đầu ngón tay tím tái hết cả lại, vã mồ hôi lạnh và ý thức lơ mơ lú lẫn.","trụy tim, viêm phổi, u mềm treo, tụt huyết áp, hạ canxi máu"
"Sau đợt viêm tai giữa, giờ vùng xương nhô ra ở ngay sau tai tôi bị sưng tấy đỏ và đau nhức dữ dội. Trong lỗ tai chảy mủ hôi và tôi nghe kém hẳn đi.","gãy xương, nhiễm nấm candida (nhiễm trùng nấm men), sưng bao quy đầu, vỡ túi ngực, thoát vị bẹn người lớn"
"Tôi bị sổ mũi đặc màu xanh vàng có mùi rất hôi, mũi nghẹt cứng. Hai bên gò má và vùng trán nhức buốt kinh khủng mỗi khi cúi đầu xuống.","viêm tai, gai đen, chắp mắt, chèn ép khoang dưới mỏm cùng vai, sưng bao quy đầu"
"Mũi tôi lúc nào cũng nghẹt cứng, thở rất khó khăn phải há miệng để thở. Tôi gần như không ngửi thấy mùi gì nữa và đêm ngủ hay phát ra tiếng ngáy to.","lang ben, ngưng thở khi ngủ, phì đại cuốn mũi, viêm đầu ti, viêm mũi"
"Tôi bị viêm họng mấy hôm nay, giờ giọng bị khàn đặc, thều thào nói không ra hơi. Cổ họng lúc nào cũng khô rát, ho khan và nuốt nước bọt thấy vướng.","viêm đầu ti, nhiễm nấm candida (nhiễm trùng nấm men), bệnh lao phổi, tràn mủ màng phổi, lang ben"
"Do đặc thù nghề giáo viên phải nói nhiều, dạo này giọng tôi hay bị khàn đặc kéo dài. Cứ nói một lúc là hụt hơi, mệt mỏi rát cổ và âm thanh phát ra không trong trẻo.","polyp dây thanh quản, lang ben, nhau bong non, chắp mắt, phù não"
"Mắt tôi tự nhiên đỏ ngầu, đau nhức và cộm như có hạt cát bên trong chà xát. Tôi không dám mở mắt ra nhìn ánh sáng, nước mắt cứ chảy ròng ròng và nhìn mọi vật rất mờ.","chắp mắt, nấm da (hắc lào), chèn ép khoang dưới mỏm cùng vai, vỡ túi ngực, gãy xương"
"Mắt trái tôi đột nhiên đau nhức dữ dội, cơn đau buốt lan lên tận nửa đầu. Mắt đỏ hoe căng cứng, nhìn bóng đèn thấy có quầng sáng xanh đỏ bao quanh và tôi bị nôn mửa.","viêm cân gan chân, cúm a h1n1, hồng ban nút, viêm bờ mi mắt, thoát vị bẹn người lớn"
"Ngay viền mí mắt của tôi mọc lên một cục mụn sưng đỏ tấy, ở giữa có ngòi mủ trắng. Chớp mắt thấy cộm vướng và ấn nhẹ vào thì đau nhức điếng người.","vỡ túi ngực, nhiễm trùng hậu sản, bỏng, hội chứng antiphospholipid, hội chứng kháng thể kháng phospholipid"
"Mắt tôi không khóc mà lúc nào cũng ướt nhèm chảy nước mắt sống. Sáng ngủ dậy mí mắt dính chặt đầy ghèn mủ, góc trong của mắt hơi sưng nề.","nấm da (hắc lào), ho gà, viêm mũi, gai đen, phù kết mạc"
Tự nhiên tôi thấy có những tia chớp sáng lóa lên trong mắt dù không có ánh đèn. Sau đó xuất hiện một mảng mờ đen như tấm màn rủ xuống che khuất một góc tầm nhìn của tôi.,"chắp mắt, lang ben, rách võng mạc, hội chứng kháng thể kháng phospholipid, bỏng"
"Tôi nhìn thẳng vào giữa khuôn mặt người khác thì thấy mờ tịt và các đường nét bị méo mó, lượn sóng. Nhưng nhìn liếc sang hai bên xung quanh thì vẫn thấy rõ nét.","chắp mắt, loạn thị, tự kỷ ở trẻ em, ung thư biểu mô tiểu thùy tại chỗ, áp xe não"
"Lợi của tôi sưng đỏ tấy lên, mỗi lần đánh răng là nhổ ra toàn máu tươi. Dạo này tôi thấy lợi bị tụt xuống làm lộ chân răng dài ra, vài cái răng hàm có vẻ hơi lung lay và miệng có mùi hôi.","sưng bao quy đầu, gai đen, hội chứng urê huyết tán huyết, nấm da (hắc lào), nhiễm trùng hậu sản"
"Răng hàm của tôi bị thủng một lỗ màu đen, hay bị nhét thức ăn vào đó. Cứ nhai trúng hoặc uống nước đá, đồ ngọt vào là răng lại ê buốt buốt tận óc.","viêm xoang, sâu răng, nấm da (hắc lào), chắp mắt, bỏng"
"Nửa đêm tôi bị những cơn đau nhức răng hành hạ không ngủ nổi, cơn đau giật giật lan lên tận thái dương. Uống thuốc giảm đau rồi mà vẫn nhức buốt kinh khủng.","xơ vữa động mạch ngoại biên, sâu răng, viêm mũi, chèn ép khoang dưới mỏm cùng vai, vỡ túi ngực"
"Chân răng tôi mọc một cục mủ sưng to đỏ ửng, cắn hai hàm lại là đau nhức nảy người. Nửa mặt bên đó cũng sưng vù lên, tôi bị sốt và sờ dưới hàm thấy có cục hạch.","bỏng, nấm da (hắc lào), vỡ túi ngực, u mềm treo, nhiễm trùng hậu sản"
"Trong khoang miệng và trên lưỡi tôi nổi đầy những mảng cợn trắng như sữa đông. Lấy tay cạo ra thì thấy niêm mạc đỏ rát, miệng rất khô, ăn uống mất vị giác và nuốt hơi xót.","nhiễm nấm candida (nhiễm trùng nấm men), lang ben, gai đen, hội chứng sjogren, chắp mắt"
"Vùng dưới hàm góc mang tai của tôi sưng to thành cục cứng, ấn vào rất đau. Tôi bị sốt hầm hập, há miệng nhai thức ăn khó khăn và trong miệng cảm giác có vị mủ mặn mặn.","nang tuyến bartholin (viêm tuyến bartholin), hội chứng urê huyết tán huyết, viêm xoang, viêm va, bong gân"
"Tôi bị ngã chống tay xuống đất, nghe cái rắc, giờ khớp vai đau điếng người. Khớp vai nhìn có vẻ lệch hẳn đi, cánh tay xụi lơ buông thõng xuống không thể giơ lên được nữa.","lang ben, hội chứng sau bại liệt, chắp mắt, u mềm treo, hội chứng urê huyết tán huyết"
"Tôi hay chạy bộ thể thao, dạo này gót chân và phần gân to ngay sau cổ chân rất đau nhức, sưng tấy nhẹ. Sáng dậy gót chân bị cứng đơ, đi kiễng gót thấy buốt.","nấm da (hắc lào), nang tuyến bartholin (viêm tuyến bartholin), vỡ túi ngực, u mềm treo, áp xe rò luân nhĩ"
"Bàn tay tôi hay bị tê rần châm chích 3 ngón cái, trỏ, giữa, nhất là lúc nửa đêm phải thức dậy vẩy tay mới đỡ. Gần đây tôi thấy tay yếu đi, cầm bát đũa hay đánh rơi.","thiếu máu, tụ máu não, viêm xoang, hội chứng goodpasture, viêm lồi cầu ngoài xương cánh tay"
Sáng ngủ dậy bước chân trần xuống nền nhà là lòng bàn chân và gót chân tôi đau nhói xót xa như dẫm phải đinh gai. Đi lại rón rén một lúc thì cơn đau mới dịu bớt đi.,"viêm mũi, áp xe má, chèn ép khoang dưới mỏm cùng vai, hội chứng goodpasture, chắp mắt"
"Tôi đi siêu âm bác sĩ bảo bị gai gót chân, cứ đứng lâu hay tỳ gót bước đi là thốn tận óc. Ở dưới gót chân thỉnh thoảng ấn mạnh vào thấy hơi cộm cộm đau nhức.","nấm da (hắc lào), chèn ép khoang dưới mỏm cùng vai, vỡ túi ngực, áp xe má, xơ vữa động mạch ngoại biên"
"Tôi đang đá bóng thì bị vặn đầu gối, giờ khớp gối sưng to, co duỗi cứ nghe tiếng lụp cụp. Thỉnh thoảng đi lại khớp bị kẹt cứng đơ lại không gập được, ấn vào khe khớp rất chói.","lang ben, viêm đầu ti, viêm xương tai chũm, phù thũng, viêm xoang sàng"
"Hôm qua chạy bứt tốc tôi bị nhói giật một cái ở bắp đùi trước. Giờ đùi căng cứng, sờ vào thấy nề nề bóp vào rất đau nhức, bước đi hay nâng chân lên cực kỳ khó khăn.","nấm da (hắc lào), nang tuyến bartholin (viêm tuyến bartholin), chèn ép khoang dưới mỏm cùng vai, vỡ túi ngực, áp xe má"
"Da ở lưng và đùi tôi nổi lấm tấm nhiều nốt sần đỏ, ở giữa mỗi nốt có mụn mủ liti nằm ngay chân sợi lông. Các nốt mụn này rất ngứa ngáy râm ran.","viêm khớp, viêm khớp nhiễm khuẩn, viêm da cơ địa, rôm sảy, nấm da (hắc lào)"
"Ở bẹn và mông tôi nổi các mảng da đỏ hình tròn lốm đốm, viền ngoài có nổi các mụn nước nhỏ li ti. Nó cực kỳ ngứa ngáy bứt rứt, nhất là lúc ra mồ hôi và lan rộng dần ra.","sưng bao quy đầu, viêm da cơ địa, nấm da (hắc lào), giun kim, ghẻ"
"Móng chân cái của tôi bị dày cộm sần sùi lên, đổi sang màu vàng đục đen xỉn. Bề mặt móng rất mủn, cắt móng tay vào là vỡ vụn gãy nát, phần khóe móng bị tróc lên.","u mềm treo, giãn ống dẫn sữa, nấm da (hắc lào), hội chứng urê huyết tán huyết, bỏng"
"Dưới lòng bàn chân và ngón tay tôi mọc mấy nốt sần sùi cứng ngắc, ấn vào thấy hơi cộm. Bề mặt nốt sần thô ráp, màu xám xỉn, nhìn kỹ thấy có lấm tấm mấy chấm đen liti.","u mềm treo, hội chứng urê huyết tán huyết, bỏng, hội chứng goodpasture, ung thư da đầu"
"Con tôi bị sốt, sau đó khắp người từ mặt xuống tay chân mọc đầy những nốt ban đỏ, rồi hóa thành các mụn nước trong suốt to như hạt đậu. Các nốt mụn này rất ngứa ngáy.","nấm da (hắc lào), u mềm treo, hội chứng urê huyết tán huyết, ghẻ, sưng bao quy đầu"
"Cứ đêm xuống là tôi bị ngứa điên cuồng ở kẽ các ngón tay, nếp gấp cổ tay và vùng quanh rốn. Vạch ra nhìn kỹ thấy có những đường hầm nhỏ xíu ngoằn ngoèo dưới da.","u mềm treo, ung thư da, chắp mắt, phù não, hội chứng urê huyết tán huyết"
"Da cùi chỏ, đầu gối và rìa chân tóc của tôi mọc các mảng đỏ cộm lên, bề mặt bong tróc những lớp vảy màu trắng đục lấp lánh như vảy nến, thỉnh thoảng hơi ngứa.","nấm da (hắc lào), bỏng, u mềm treo, viêm xoang mũi dị ứng, viêm môi"
"Ở mặt trước cẳng chân tôi tự nhiên nổi một mảng sưng tấy đỏ lựng, bóng loáng. Ranh giới chỗ da đỏ với da lành nổi gờ lên rất rõ ràng, sờ vào nóng rực, tôi bị sốt rét run lập cập.","bỏng, viêm bể thận, nhiễm trùng hậu sản, viêm bờ mi mắt, viêm khớp nhiễm khuẩn"
"Trên mặt và bàn tay tôi xuất hiện những mảng da loang lổ loang lổ mất hẳn sắc tố trắng bệch ra. Nó không bị bong vảy, không đau ngứa gì cả nhưng diện tích cứ dần lan rộng.","u mềm treo, lang ben, viêm bờ mi mắt, hodgkin, bỏng"
"Hai bên gò má và trán của tôi xuất hiện những mảng da thâm sạm, tàn nhang lốm đốm màu nâu sẫm. Chúng hoàn toàn không ngứa hay đau nhưng làm da mặt tối sầm rất xấu xí.","bỏng, lang ben, viêm đầu ti, nấm da (hắc lào), viêm xoang mũi dị ứng"
"Cả tuần lễ tôi mới đi đại tiện được 1-2 lần. Phân rất cứng, vón cục lổn nhổn như phân dê, mỗi lần rặn vã mồ hôi hột rất khổ sở đau rát, đi xong vẫn thấy ấm ách ở bụng.","nhiễm nấm candida (nhiễm trùng nấm men), chắp mắt, sưng bao quy đầu, viêm amidan hốc mủ, ung thư biểu mô tiểu thùy tại chỗ"
"Mỗi lần tôi ngồi xổm rặn đi ngoài là thấy có một khối thịt dài màu đỏ tươi sa hẳn ra ngoài lỗ hậu môn. Lúc bình thường thì phải lấy tay đẩy nhẹ nó mới thụt lên, thỉnh thoảng quần lót hay bị ướt rỉ dịch nhầy.","u mềm treo, tinh hoàn ẩn, hội chứng stevens-johnson, viêm xương tai chũm, chắp mắt"
"Đi ăn cỗ về vài ngày, tôi thấy mệt lả chán ăn, cứ ngửi thấy mùi dầu mỡ là ợ buồn nôn. Sau đó tròng trắng mắt và da dẻ vàng ệch ra, đi tiểu nước có màu sậm như nước vối.","đau đầu migraine, ung thư thận, ung thư tụy, suy thận cấp, nhồi máu não"
"Tôi đi khám sức khỏe phát hiện bị virus viêm gan. Dạo này cơ thể hay mệt mỏi rã rời vô cớ, ăn uống không ngon miệng, thỉnh thoảng hơi tức ấm ách ở mạng sườn bên phải.","cúm a h5, viêm phổi, nhiễm nấm cryptococcus, suy thận, u nguyên bào thần kinh"
"Tôi bị mỏi mệt âm ỉ, uể oải dai dẳng kéo dài không rõ nguyên do. Cơ bắp thỉnh thoảng nhức mỏi, ăn uống không ngon miệng và dạo này có vẻ gầy sút cân đi một chút.","basedow, ung thư lá lách, chèn ép khoang dưới mỏm cùng vai, thận bột, đậu mùa khỉ"
"Tôi không hề uống rượu bia nhưng đi siêu âm bác sĩ bảo gan bị nhiễm mỡ độ 2. Dạo này vùng bụng dưới sườn phải hay bị ấm ách tức nặng, ăn vào hay bị đầy hơi khó tiêu.","lao màng bụng, viêm loét dạ dày, viêm niêm mạc hang vị dạ dày, bệnh mạch vành, lang ben"
Đi siêu âm tổng quát phát hiện có nang nước mọc ở trong gan. Dạo này có vẻ cái nang nó to lên làm tôi hay bị tức nặng vướng víu ở vùng mạn sườn phải khi nằm nghiêng.,"bệnh mạch vành, viêm đầu ti, nấm da (hắc lào), suy thận, u nguyên bào thần kinh"
"Tôi bị đau quặn thắt dữ dội vùng hạ sườn phải, sau đó sốt cao rét run bần bật từng cơn. Được 1-2 hôm sau thì da dẻ và mắt tôi bắt đầu chuyển sang màu vàng khè, rất hay nôn ói.","viêm mũi họng, phế cầu khuẩn, viêm đài bể thận, viêm đường hô hấp dưới, xoắn tinh hoàn"
"Tôi hay bị đau tức cồn cào vùng trên rốn, thường xuyên buồn nôn. Mỗi lần nôn trớ ra toàn thứ dịch màu vàng xanh đắng ngắt cuống họng, kèm theo cảm giác nóng rát giữa ngực.","viêm đầu ti, suy thận, huyết khối tĩnh mạch sâu, áp xe, đau thượng vị"
"Tôi đi siêu âm định kỳ phát hiện có cục nhú thịt thừa lồi ra trong túi mật. Bình thường không sao, thỉnh thoảng ăn no quá tôi mới thấy hơi đau râm ran tức nhẹ ở mạn sườn phải.","gist dạ dày, lang ben, tinh hoàn ẩn, hội chứng stevens-johnson, suy thận"
